Transaction_ID,Client_ID,Amount,Timestamp,Location,Is_Fraud_Manual,Is_Failed,Is_Suspicious,Susp_Geo,Susp_FailCount,Susp_Amount,Failed_Count_Past,Active_Rules
4865,C000,8177.07,2025-10-07 06:21:14,"Kraków, PL",0,0,1,0,0,1,0.0,HIGH_AMOUNT
6818,C000,6955.05,2025-10-08 05:17:39,"Warszawa, PL",0,0,1,0,0,1,0.0,HIGH_AMOUNT
1328,C000,6152.56,2025-10-10 22:02:10,"London, UK",0,0,1,0,0,1,0.0,HIGH_AMOUNT
4397,C000,1082.11,2025-10-12 12:17:47,"London, UK",0,0,1,1,0,0,0.0,GEO
4739,C000,7617.24,2025-10-13 07:16:30,"London, UK",0,0,1,1,0,1,0.0,"GEO, , HIGH_AMOUNT"
8013,C000,4594.05,2025-10-16 09:51:59,"Warszawa, PL",0,0,1,0,0,1,0.0,HIGH_AMOUNT
3498,C000,3323.45,2025-10-20 13:12:46,"London, UK",0,0,1,0,0,1,0.0,HIGH_AMOUNT
3746,C000,2076.93,2025-10-21 06:28:41,"London, UK",0,0,1,1,0,0,0.0,GEO
4435,C000,5713.86,2025-10-23 17:54:26,"New York, US",0,0,1,0,0,1,0.0,HIGH_AMOUNT
6606,C000,4368.92,2025-10-28 15:57:54,"Kraków, PL",0,0,1,0,0,1,0.0,HIGH_AMOUNT
678,C001,6681.03,2025-10-01 02:55:19,"New York, US",0,0,1,0,0,1,0.0,HIGH_AMOUNT
8980,C001,10259.06,2025-10-02 12:11:04,"New York, US",0,0,1,1,0,1,0.0,"GEO, , HIGH_AMOUNT"
5429,C001,13676.48,2025-10-06 00:30:37,"Warszawa, PL",0,0,1,0,0,1,0.0,HIGH_AMOUNT
2218,C001,1212.1,2025-10-20 00:19:34,"New York, US",0,0,1,1,0,0,0.0,GEO
4446,C001,3860.85,2025-10-24 06:22:51,"Warszawa, PL",0,0,1,0,0,1,0.0,HIGH_AMOUNT
9539,C001,4793.65,2025-10-29 12:43:40,"Kraków, PL",0,1,1,0,0,1,0.0,HIGH_AMOUNT
7724,C001,4058.44,2025-10-30 00:20:39,"Warszawa, PL",0,0,1,0,0,1,0.0,HIGH_AMOUNT
8742,C002,2844.55,2025-10-06 03:21:17,"London, UK",0,1,1,1,0,0,0.0,GEO
6856,C002,6067.66,2025-10-07 04:59:36,"Warszawa, PL",0,0,1,0,0,1,0.0,HIGH_AMOUNT
2634,C002,5585.4,2025-10-07 18:47:26,"Warszawa, PL",0,0,1,0,0,1,0.0,HIGH_AMOUNT
1772,C002,4503.97,2025-10-08 06:49:19,"Warszawa, PL",0,0,1,0,0,1,0.0,HIGH_AMOUNT
4885,C002,7403.7,2025-10-09 21:08:43,"Kraków, PL",0,0,1,0,0,1,0.0,HIGH_AMOUNT
8990,C002,2226.43,2025-10-14 18:22:55,"New York, US",0,0,1,1,0,0,0.0,GEO
8071,C002,1701.66,2025-10-15 23:56:08,"New York, US",0,0,1,1,0,0,0.0,GEO
3335,C002,3835.8,2025-10-17 14:16:00,"Warszawa, PL",0,0,1,0,0,1,0.0,HIGH_AMOUNT
6506,C002,7088.16,2025-10-20 03:17:52,"Warszawa, PL",0,0,1,0,0,1,0.0,HIGH_AMOUNT
4942,C002,4273.74,2025-10-20 08:42:03,"Warszawa, PL",0,0,1,0,0,1,0.0,HIGH_AMOUNT
3125,C002,5928.26,2025-10-25 20:23:12,"Kraków, PL",0,0,1,0,0,1,0.0,HIGH_AMOUNT
8439,C002,6525.99,2025-10-26 00:28:02,"Kraków, PL",0,0,1,0,0,1,0.0,HIGH_AMOUNT
7462,C002,1305.75,2025-10-26 17:18:38,"New York, US",0,0,1,1,0,0,0.0,GEO
3252,C002,1428.62,2025-10-29 21:47:38,"New York, US",0,0,1,1,0,0,0.0,GEO
838,C003,1212.07,2025-10-02 13:29:56,"New York, US",0,1,1,1,0,0,0.0,GEO
1064,C003,2887.51,2025-10-06 09:46:16,"Warszawa, PL",0,0,1,0,0,1,0.0,HIGH_AMOUNT
6390,C003,4771.0,2025-10-07 02:29:04,"New York, US",0,0,1,0,0,1,0.0,HIGH_AMOUNT
5692,C003,2195.66,2025-10-07 20:22:58,"New York, US",0,0,1,0,0,1,0.0,HIGH_AMOUNT
8600,C003,1806.36,2025-10-08 02:05:55,"New York, US",0,0,1,1,0,0,0.0,GEO
2471,C003,2658.58,2025-10-09 14:11:00,"Kraków, PL",0,0,1,0,0,1,0.0,HIGH_AMOUNT
1473,C003,1986.89,2025-10-15 18:44:44,"New York, US",0,0,1,1,0,0,0.0,GEO
8510,C003,3479.35,2025-10-15 21:41:36,"London, UK",0,0,1,1,0,1,0.0,"GEO, , HIGH_AMOUNT"
1201,C003,5148.39,2025-10-27 06:15:44,"London, UK",0,0,1,0,0,1,0.0,HIGH_AMOUNT
8209,C003,1161.72,2025-10-27 18:31:45,"New York, US",0,0,1,1,0,0,0.0,GEO
7420,C003,1832.03,2025-10-30 04:15:30,"New York, US",0,1,1,1,0,0,0.0,GEO
1457,C004,4515.26,2025-10-08 10:09:24,"Warszawa, PL",0,0,1,0,0,1,0.0,HIGH_AMOUNT
7597,C004,2741.77,2025-10-08 21:21:09,"London, UK",0,0,1,1,0,1,0.0,"GEO, , HIGH_AMOUNT"
2204,C004,8398.47,2025-10-11 09:08:46,"London, UK",0,0,1,1,0,1,0.0,"GEO, , HIGH_AMOUNT"
8399,C004,3046.7,2025-10-13 02:34:42,"New York, US",0,1,1,0,0,1,0.0,HIGH_AMOUNT
3301,C004,5078.13,2025-10-13 16:06:36,"New York, US",0,1,1,0,0,1,0.0,HIGH_AMOUNT
7903,C004,1001.52,2025-10-16 09:05:43,"London, UK",0,1,1,1,0,0,0.0,GEO
9292,C004,1357.98,2025-10-19 17:28:42,"New York, US",0,0,1,1,0,0,0.0,GEO
2393,C004,2981.29,2025-10-21 23:30:17,"Warszawa, PL",0,0,1,0,0,1,0.0,HIGH_AMOUNT
3601,C004,3724.06,2025-10-22 13:54:44,"Warszawa, PL",0,0,1,0,0,1,0.0,HIGH_AMOUNT
9060,C004,3470.83,2025-10-22 21:06:00,"London, UK",0,0,1,0,0,1,0.0,HIGH_AMOUNT
5537,C004,7689.1,2025-10-22 23:42:35,"London, UK",0,0,1,0,0,1,0.0,HIGH_AMOUNT
7742,C004,2051.63,2025-10-28 18:25:14,"London, UK",0,0,1,1,0,0,0.0,GEO
3403,C005,8485.16,2025-10-06 03:24:04,"Warszawa, PL",0,0,1,0,0,1,0.0,HIGH_AMOUNT
1422,C005,12686.9,2025-10-06 11:55:11,"New York, US",0,0,1,0,0,1,0.0,HIGH_AMOUNT
503,C005,2426.95,2025-10-11 01:43:49,"New York, US",0,0,1,1,0,0,0.0,GEO
1939,C005,3923.15,2025-10-11 10:19:24,"New York, US",0,0,1,1,0,0,0.0,GEO
4162,C005,4932.51,2025-10-12 08:01:08,"Warszawa, PL",0,0,1,0,0,1,0.0,HIGH_AMOUNT
9318,C005,2616.69,2025-10-13 20:58:13,"New York, US",0,0,1,1,0,0,0.0,GEO
6609,C005,1730.01,2025-10-14 04:24:03,"New York, US",0,0,1,1,0,0,0.0,GEO
792,C005,16357.65,2025-10-21 10:25:34,"Kraków, PL",0,0,1,0,0,1,0.0,HIGH_AMOUNT
7234,C005,13865.79,2025-10-22 19:37:34,"London, UK",0,1,1,0,0,1,0.0,HIGH_AMOUNT
6939,C005,1657.14,2025-10-25 10:14:28,"London, UK",0,0,1,1,0,0,0.0,GEO
9114,C005,2885.26,2025-10-25 16:37:35,"London, UK",0,0,1,1,0,0,0.0,GEO
3861,C006,1120.81,2025-10-04 09:47:47,"London, UK",0,0,1,1,0,0,1.0,GEO
7818,C006,9971.78,2025-10-04 18:38:24,"London, UK",0,0,1,0,0,1,0.0,HIGH_AMOUNT
9219,C006,26957.27,2025-10-08 08:40:04,"Kraków, PL",0,0,1,0,0,1,0.0,HIGH_AMOUNT
9911,C006,1951.88,2025-10-12 00:29:53,"London, UK",0,0,1,1,0,0,0.0,GEO
5179,C006,81477.32,2025-10-12 00:41:59,"Kraków, PL",0,0,1,0,0,1,0.0,HIGH_AMOUNT
1921,C006,1024.44,2025-10-14 08:49:16,"London, UK",0,0,1,1,0,0,0.0,GEO
4131,C006,2117.34,2025-10-18 07:51:58,"New York, US",0,0,1,1,0,0,0.0,GEO
9975,C006,16536.59,2025-10-20 06:25:01,"London, UK",0,1,1,1,0,1,0.0,"GEO, , HIGH_AMOUNT"
8892,C006,32461.35,2025-10-27 03:05:00,"London, UK",0,1,1,0,0,1,0.0,HIGH_AMOUNT
7299,C007,2262.25,2025-10-01 02:25:47,"New York, US",0,0,1,1,0,1,0.0,"GEO, , HIGH_AMOUNT"
5877,C007,3432.16,2025-10-02 05:45:50,"Kraków, PL",0,1,1,0,0,1,0.0,HIGH_AMOUNT
2468,C007,2276.91,2025-10-04 02:31:34,"Kraków, PL",0,1,1,0,0,1,0.0,HIGH_AMOUNT
237,C007,5087.43,2025-10-09 08:22:14,"New York, US",0,0,1,1,0,1,0.0,"GEO, , HIGH_AMOUNT"
3638,C007,7910.33,2025-10-16 17:43:42,"Kraków, PL",0,0,1,0,0,1,0.0,HIGH_AMOUNT
433,C007,3427.76,2025-10-25 12:33:43,"New York, US",0,0,1,0,0,1,0.0,HIGH_AMOUNT
8960,C007,2793.88,2025-10-26 13:03:57,"London, UK",0,0,1,0,0,1,0.0,HIGH_AMOUNT
8463,C007,1249.79,2025-10-27 05:01:49,"New York, US",0,0,1,1,0,0,0.0,GEO
6211,C007,1193.34,2025-10-30 15:31:08,"New York, US",0,0,1,1,0,0,0.0,GEO
5649,C007,3780.34,2025-10-30 16:25:52,"Kraków, PL",0,1,1,0,0,1,0.0,HIGH_AMOUNT
7801,C008,5806.01,2025-10-07 03:58:23,"London, UK",0,0,1,0,0,1,0.0,HIGH_AMOUNT
1306,C008,4078.68,2025-10-09 02:58:17,"New York, US",0,0,1,0,0,1,0.0,HIGH_AMOUNT
4659,C008,12755.72,2025-10-09 11:52:06,"Kraków, PL",0,0,1,0,0,1,0.0,HIGH_AMOUNT
8478,C008,16852.18,2025-10-11 21:03:30,"London, UK",0,0,1,0,0,1,0.0,HIGH_AMOUNT
4392,C008,1343.54,2025-10-13 12:25:19,"London, UK",0,0,1,1,0,0,1.0,GEO
8671,C008,3700.85,2025-10-17 18:47:00,"London, UK",0,0,1,1,0,1,0.0,"GEO, , HIGH_AMOUNT"
8150,C008,3873.72,2025-10-24 22:20:32,"London, UK",0,0,1,1,0,1,0.0,"GEO, , HIGH_AMOUNT"
2251,C008,1126.74,2025-10-28 15:37:28,"London, UK",0,0,1,1,0,0,0.0,GEO
1652,C009,13762.92,2025-10-06 20:32:34,"Warszawa, PL",0,0,1,0,0,1,0.0,HIGH_AMOUNT
3611,C009,3061.95,2025-10-07 16:19:57,"Kraków, PL",0,0,1,0,0,1,0.0,HIGH_AMOUNT
9950,C009,7259.0,2025-10-08 11:31:09,"Warszawa, PL",0,0,1,0,0,1,0.0,HIGH_AMOUNT
8945,C009,3170.88,2025-10-14 08:38:06,"New York, US",0,0,1,1,0,1,0.0,"GEO, , HIGH_AMOUNT"
713,C009,2568.99,2025-10-17 12:55:32,"New York, US",0,0,1,0,0,1,0.0,HIGH_AMOUNT
9541,C009,1124.54,2025-10-19 02:12:52,"New York, US",0,0,1,1,0,0,0.0,GEO
3105,C009,2765.46,2025-10-24 10:13:31,"Warszawa, PL",0,1,1,0,0,1,0.0,HIGH_AMOUNT
2056,C009,3270.13,2025-10-28 05:47:54,"London, UK",0,0,1,0,0,1,0.0,HIGH_AMOUNT
653,C009,4014.74,2025-10-28 15:32:27,"New York, US",0,0,1,0,0,1,0.0,HIGH_AMOUNT
3508,C009,4078.0,2025-10-30 23:25:44,"New York, US",0,0,1,1,0,1,0.0,"GEO, , HIGH_AMOUNT"
8663,C010,3534.05,2025-10-04 13:54:03,"Kraków, PL",0,0,1,0,0,1,0.0,HIGH_AMOUNT
2544,C010,3586.35,2025-10-09 05:33:12,"Warszawa, PL",0,0,1,0,0,1,0.0,HIGH_AMOUNT
4476,C010,1324.73,2025-10-10 16:18:08,"London, UK",0,0,1,1,0,0,0.0,GEO
5552,C010,9160.75,2025-10-15 12:40:00,"New York, US",0,0,1,0,0,1,0.0,HIGH_AMOUNT
4883,C010,20386.66,2025-10-15 13:36:11,"Kraków, PL",0,0,1,0,0,1,0.0,HIGH_AMOUNT
218,C010,4560.1,2025-10-25 13:11:55,"New York, US",0,0,1,0,0,1,0.0,HIGH_AMOUNT
1363,C011,2769.31,2025-10-04 04:15:53,"New York, US",0,0,1,0,0,1,0.0,HIGH_AMOUNT
43,C011,1018.32,2025-10-05 13:15:50,"London, UK",0,1,1,1,0,0,0.0,GEO
1776,C011,5867.64,2025-10-10 15:50:00,"Warszawa, PL",0,0,1,0,0,1,0.0,HIGH_AMOUNT
1466,C011,1033.25,2025-10-10 22:52:57,"London, UK",0,1,1,1,0,0,0.0,GEO
535,C011,5383.23,2025-10-11 15:19:49,"London, UK",0,0,1,0,0,1,0.0,HIGH_AMOUNT
6519,C011,5264.74,2025-10-16 04:06:56,"New York, US",0,0,1,1,0,1,0.0,"GEO, , HIGH_AMOUNT"
8269,C011,1829.95,2025-10-16 08:56:29,"New York, US",0,0,1,1,0,0,0.0,GEO
9418,C011,9962.89,2025-10-19 07:12:18,"London, UK",0,0,1,0,0,1,0.0,HIGH_AMOUNT
7405,C011,1253.07,2025-10-20 11:39:23,"London, UK",0,0,1,1,0,0,0.0,GEO
9813,C011,6800.57,2025-10-27 20:53:50,"Warszawa, PL",0,0,1,0,0,1,0.0,HIGH_AMOUNT
2713,C011,4438.88,2025-10-29 01:42:20,"London, UK",0,0,1,0,0,1,0.0,HIGH_AMOUNT
1264,C012,1722.2,2025-10-06 10:29:14,"London, UK",0,0,1,1,0,0,0.0,GEO
6852,C012,1837.89,2025-10-06 19:03:12,"New York, US",0,0,1,1,0,0,0.0,GEO
9492,C012,5448.66,2025-10-10 10:27:04,"Warszawa, PL",0,0,1,0,0,1,0.0,HIGH_AMOUNT
4514,C012,37681.97,2025-10-11 23:04:11,"Warszawa, PL",0,0,1,0,0,1,0.0,HIGH_AMOUNT
3803,C012,4608.69,2025-10-13 04:30:24,"Kraków, PL",0,0,1,0,0,1,0.0,HIGH_AMOUNT
5995,C012,6311.47,2025-10-13 23:41:06,"Kraków, PL",0,0,1,0,0,1,0.0,HIGH_AMOUNT
9526,C012,2068.84,2025-10-14 04:29:47,"London, UK",0,0,1,1,0,0,0.0,GEO
6926,C012,1093.03,2025-10-16 05:36:23,"London, UK",0,0,1,1,0,0,0.0,GEO
4579,C012,1696.52,2025-10-17 14:30:11,"London, UK",0,0,1,1,0,0,0.0,GEO
3343,C012,5219.97,2025-10-17 20:50:49,"Kraków, PL",0,0,1,0,0,1,0.0,HIGH_AMOUNT
2279,C012,4761.57,2025-10-17 22:38:29,"New York, US",0,1,1,1,0,1,0.0,"GEO, , HIGH_AMOUNT"
3095,C012,8986.17,2025-10-18 14:46:12,"Kraków, PL",0,0,1,0,0,1,0.0,HIGH_AMOUNT
7209,C012,6167.81,2025-10-29 13:57:22,"Warszawa, PL",0,0,1,0,0,1,0.0,HIGH_AMOUNT
5257,C013,1977.73,2025-10-02 20:24:45,"New York, US",0,0,1,1,0,0,0.0,GEO
6228,C013,20376.76,2025-10-07 14:33:00,"Kraków, PL",0,0,1,0,0,1,0.0,HIGH_AMOUNT
8003,C013,4320.01,2025-10-10 06:42:23,"London, UK",0,1,1,0,0,1,0.0,HIGH_AMOUNT
6437,C013,1292.54,2025-10-14 01:20:18,"London, UK",0,0,1,1,0,0,0.0,GEO
6298,C013,1198.77,2025-10-15 02:10:27,"New York, US",0,0,1,1,0,0,0.0,GEO
9087,C013,3553.53,2025-10-15 16:24:18,"New York, US",0,1,1,0,0,1,0.0,HIGH_AMOUNT
15,C013,13822.43,2025-10-16 21:05:04,"Kraków, PL",0,0,1,0,0,1,0.0,HIGH_AMOUNT
9556,C013,3666.57,2025-10-24 19:32:06,"Warszawa, PL",0,0,1,0,0,1,0.0,HIGH_AMOUNT
8504,C013,6505.56,2025-10-25 20:25:38,"Warszawa, PL",0,1,1,0,0,1,0.0,HIGH_AMOUNT
1418,C013,1016.51,2025-10-27 12:52:18,"London, UK",0,0,1,1,0,0,0.0,GEO
7536,C014,6233.5,2025-10-01 01:10:34,"Warszawa, PL",0,0,1,0,0,1,0.0,HIGH_AMOUNT
1037,C014,1135.38,2025-10-02 01:34:15,"London, UK",0,0,1,1,0,0,0.0,GEO
2353,C014,4088.0,2025-10-04 14:09:58,"London, UK",0,0,1,0,0,1,0.0,HIGH_AMOUNT
6510,C014,1042.66,2025-10-08 10:08:45,"London, UK",0,1,1,1,0,0,0.0,GEO
5240,C014,2941.96,2025-10-12 16:42:12,"Kraków, PL",0,0,1,0,0,1,0.0,HIGH_AMOUNT
666,C014,7449.91,2025-10-14 13:43:30,"New York, US",0,1,1,0,0,1,0.0,HIGH_AMOUNT
8583,C014,2887.69,2025-10-15 12:48:38,"London, UK",0,0,1,1,0,1,0.0,"GEO, , HIGH_AMOUNT"
2922,C014,4079.26,2025-10-16 03:14:26,"New York, US",0,0,1,0,0,1,0.0,HIGH_AMOUNT
6236,C014,7902.57,2025-10-19 06:22:03,"Kraków, PL",0,0,1,0,0,1,0.0,HIGH_AMOUNT
5627,C014,1314.65,2025-10-19 11:55:02,"New York, US",0,0,1,1,0,0,0.0,GEO
2984,C014,2657.97,2025-10-20 11:26:34,"New York, US",0,0,1,1,0,0,0.0,GEO
7151,C014,2839.25,2025-10-20 16:37:02,"Kraków, PL",0,0,1,0,0,1,0.0,HIGH_AMOUNT
3385,C014,1161.99,2025-10-21 22:59:41,"New York, US",0,1,1,1,0,0,0.0,GEO
6404,C014,11620.29,2025-10-22 23:56:04,"Warszawa, PL",0,1,1,0,0,1,0.0,HIGH_AMOUNT
9356,C014,1758.79,2025-10-29 04:39:05,"London, UK",0,0,1,1,0,0,0.0,GEO
6832,C014,4551.45,2025-10-29 21:39:05,"New York, US",0,0,1,0,0,1,0.0,HIGH_AMOUNT
6439,C015,7721.62,2025-10-03 13:08:38,"New York, US",0,0,1,0,0,1,0.0,HIGH_AMOUNT
5249,C015,2757.17,2025-10-07 06:51:09,"London, UK",0,0,1,1,0,0,0.0,GEO
412,C015,3784.54,2025-10-08 23:24:14,"New York, US",0,0,1,0,0,1,0.0,HIGH_AMOUNT
1043,C015,24280.89,2025-10-19 01:49:57,"London, UK",0,0,1,0,0,1,0.0,HIGH_AMOUNT
8437,C015,4511.95,2025-10-22 08:46:46,"Kraków, PL",0,0,1,0,0,1,0.0,HIGH_AMOUNT
384,C015,5412.72,2025-10-23 17:06:16,"New York, US",0,0,1,0,0,1,0.0,HIGH_AMOUNT
5562,C015,2145.57,2025-10-25 21:10:16,"London, UK",0,0,1,1,0,0,0.0,GEO
6476,C015,9731.82,2025-10-27 19:04:29,"Kraków, PL",0,0,1,0,0,1,0.0,HIGH_AMOUNT
8153,C016,4190.18,2025-10-01 09:28:59,"New York, US",0,0,1,0,0,1,0.0,HIGH_AMOUNT
7133,C016,5632.92,2025-10-02 02:17:10,"New York, US",0,0,1,0,0,1,0.0,HIGH_AMOUNT
6466,C016,3776.54,2025-10-02 08:05:20,"New York, US",0,0,1,0,0,1,0.0,HIGH_AMOUNT
5498,C016,3167.13,2025-10-03 12:37:46,"London, UK",0,0,1,1,0,0,0.0,GEO
5568,C016,6233.84,2025-10-05 06:05:02,"Kraków, PL",0,0,1,0,0,1,0.0,HIGH_AMOUNT
602,C016,1886.81,2025-10-05 20:52:47,"London, UK",0,0,1,1,0,0,0.0,GEO
6803,C016,5756.85,2025-10-06 02:20:25,"Warszawa, PL",0,1,1,0,0,1,0.0,HIGH_AMOUNT
1376,C016,3568.95,2025-10-06 23:45:22,"London, UK",0,0,1,0,0,1,0.0,HIGH_AMOUNT
5581,C016,1071.61,2025-10-08 09:46:58,"New York, US",0,1,1,1,0,0,0.0,GEO
839,C016,23427.43,2025-10-09 18:18:24,"Kraków, PL",0,0,1,0,0,1,0.0,HIGH_AMOUNT
8038,C016,2063.6,2025-10-11 12:11:24,"London, UK",0,0,1,1,0,0,0.0,GEO
9919,C016,1709.31,2025-10-13 00:08:04,"London, UK",0,0,1,1,0,0,0.0,GEO
1698,C016,4227.73,2025-10-15 01:38:38,"London, UK",0,0,1,0,0,1,0.0,HIGH_AMOUNT
7752,C016,3605.24,2025-10-18 14:36:59,"Warszawa, PL",0,0,1,0,0,1,0.0,HIGH_AMOUNT
5229,C016,2349.54,2025-10-18 20:00:42,"New York, US",0,0,1,1,0,0,0.0,GEO
6009,C016,2155.34,2025-10-19 02:11:01,"London, UK",0,0,1,1,0,0,0.0,GEO
5526,C016,6937.63,2025-10-20 13:54:05,"London, UK",0,0,1,0,0,1,0.0,HIGH_AMOUNT
2164,C016,1081.39,2025-10-29 14:44:03,"London, UK",0,0,1,1,0,0,0.0,GEO
9903,C017,6218.49,2025-10-03 16:30:07,"Kraków, PL",0,0,1,0,0,1,0.0,HIGH_AMOUNT
30,C017,10580.77,2025-10-04 08:01:47,"New York, US",1,0,1,0,0,1,0.0,HIGH_AMOUNT
9185,C017,3150.95,2025-10-05 21:52:46,"London, UK",0,0,1,1,0,0,0.0,GEO
3657,C017,17106.61,2025-10-08 08:09:53,"New York, US",0,0,1,0,0,1,0.0,HIGH_AMOUNT
1402,C017,1186.45,2025-10-09 23:11:51,"New York, US",0,0,1,1,0,0,0.0,GEO
3132,C017,7282.41,2025-10-10 02:35:58,"London, UK",0,0,1,0,0,1,0.0,HIGH_AMOUNT
8191,C017,9727.49,2025-10-11 18:57:51,"Kraków, PL",0,1,1,0,0,1,0.0,HIGH_AMOUNT
7537,C017,14325.44,2025-10-13 10:01:09,"New York, US",0,0,1,0,0,1,0.0,HIGH_AMOUNT
1081,C017,2853.17,2025-10-14 18:29:28,"London, UK",0,1,1,1,0,0,0.0,GEO
6642,C017,1035.77,2025-10-17 18:43:38,"New York, US",0,0,1,1,0,0,0.0,GEO
9516,C017,25600.48,2025-10-18 10:39:43,"New York, US",1,0,1,0,0,1,0.0,HIGH_AMOUNT
8444,C017,2030.12,2025-10-25 11:46:47,"New York, US",0,0,1,1,0,0,0.0,GEO
5762,C017,47154.86,2025-10-30 16:04:04,"New York, US",0,0,1,0,0,1,0.0,HIGH_AMOUNT
4928,C018,1257.12,2025-10-09 05:50:49,"London, UK",0,0,1,1,0,0,0.0,GEO
5141,C018,4652.29,2025-10-10 02:03:51,"Warszawa, PL",0,0,1,0,0,1,0.0,HIGH_AMOUNT
1667,C018,22802.02,2025-10-11 13:24:30,"Warszawa, PL",0,0,1,0,0,1,0.0,HIGH_AMOUNT
1140,C018,5841.62,2025-10-15 01:53:45,"Warszawa, PL",0,0,1,0,0,1,0.0,HIGH_AMOUNT
8787,C018,1161.7,2025-10-16 20:35:43,"London, UK",0,0,1,1,0,0,0.0,GEO
3709,C018,12196.72,2025-10-18 00:05:16,"London, UK",0,0,1,0,0,1,0.0,HIGH_AMOUNT
5042,C018,1149.87,2025-10-19 07:01:16,"New York, US",0,1,1,1,0,0,0.0,GEO
3193,C018,1986.27,2025-10-19 08:37:55,"London, UK",0,0,1,1,0,0,0.0,GEO
1565,C018,2047.14,2025-10-21 02:51:00,"New York, US",0,0,1,1,0,0,0.0,GEO
5720,C018,10048.55,2025-10-23 11:19:06,"Warszawa, PL",0,0,1,0,0,1,0.0,HIGH_AMOUNT
2808,C018,1758.2,2025-10-24 16:33:14,"New York, US",0,0,1,1,0,0,0.0,GEO
2219,C018,1610.17,2025-10-30 02:36:30,"London, UK",0,0,1,1,0,0,0.0,GEO
4902,C019,5542.12,2025-10-05 01:58:09,"Warszawa, PL",0,0,1,0,0,1,0.0,HIGH_AMOUNT
2301,C019,1233.33,2025-10-06 02:02:20,"London, UK",0,0,1,1,0,0,0.0,GEO
6093,C019,6021.66,2025-10-09 23:19:12,"London, UK",0,0,1,0,0,1,0.0,HIGH_AMOUNT
6442,C019,1078.76,2025-10-12 16:32:04,"New York, US",0,0,1,1,0,0,0.0,GEO
1714,C019,1641.96,2025-10-14 02:58:01,"New York, US",0,0,1,1,0,0,0.0,GEO
2798,C019,1939.62,2025-10-16 23:01:59,"New York, US",0,0,1,1,0,0,0.0,GEO
4773,C019,1617.56,2025-10-17 00:27:36,"London, UK",0,0,1,1,0,0,0.0,GEO
7738,C019,4624.09,2025-10-18 12:16:51,"London, UK",0,0,1,0,0,1,0.0,HIGH_AMOUNT
2719,C019,4544.66,2025-10-21 11:14:13,"London, UK",0,0,1,0,0,1,0.0,HIGH_AMOUNT
4113,C019,16532.02,2025-10-22 13:27:30,"London, UK",0,0,1,1,0,1,0.0,"GEO, , HIGH_AMOUNT"
9820,C019,5374.84,2025-10-23 06:45:14,"London, UK",0,0,1,0,0,1,0.0,HIGH_AMOUNT
245,C019,4111.13,2025-10-26 21:09:21,"Kraków, PL",0,0,1,0,0,1,0.0,HIGH_AMOUNT
6085,C019,4579.55,2025-10-30 13:56:20,"Kraków, PL",0,0,1,0,0,1,0.0,HIGH_AMOUNT
5805,C019,6061.44,2025-10-30 23:42:34,"New York, US",0,0,1,0,0,1,0.0,HIGH_AMOUNT
1536,C020,6326.36,2025-10-05 23:40:04,"New York, US",0,0,1,0,0,1,0.0,HIGH_AMOUNT
1614,C020,4192.79,2025-10-13 04:52:19,"New York, US",0,0,1,0,0,1,0.0,HIGH_AMOUNT
4156,C020,5799.62,2025-10-14 11:55:54,"Kraków, PL",0,0,1,0,0,1,0.0,HIGH_AMOUNT
170,C020,4312.92,2025-10-18 11:22:37,"Warszawa, PL",0,0,1,0,0,1,0.0,HIGH_AMOUNT
2366,C020,1202.84,2025-10-19 15:17:40,"London, UK",0,0,1,1,0,0,0.0,GEO
4328,C020,8330.68,2025-10-23 11:53:41,"London, UK",0,0,1,0,0,1,0.0,HIGH_AMOUNT
5510,C020,3818.99,2025-10-23 16:45:05,"Warszawa, PL",0,0,1,0,0,1,0.0,HIGH_AMOUNT
8854,C020,1343.93,2025-10-28 02:40:56,"New York, US",0,0,1,1,0,0,0.0,GEO
9592,C020,3379.8,2025-10-30 10:45:00,"London, UK",0,1,1,0,0,1,0.0,HIGH_AMOUNT
556,C021,11395.88,2025-10-04 02:00:05,"Kraków, PL",0,0,1,0,0,1,0.0,HIGH_AMOUNT
1423,C021,10536.69,2025-10-08 18:05:08,"London, UK",0,0,1,0,0,1,0.0,HIGH_AMOUNT
7230,C021,1013.48,2025-10-18 01:52:45,"London, UK",0,0,1,1,0,0,0.0,GEO
1033,C021,6675.5,2025-10-19 13:28:38,"Warszawa, PL",0,0,1,0,0,1,0.0,HIGH_AMOUNT
1310,C021,2989.81,2025-10-20 13:48:00,"New York, US",0,0,1,1,0,0,0.0,GEO
7831,C021,3964.8,2025-10-25 14:58:59,"New York, US",0,0,1,0,0,1,0.0,HIGH_AMOUNT
4750,C021,6927.73,2025-10-27 06:13:31,"New York, US",0,0,1,0,0,1,0.0,HIGH_AMOUNT
9656,C022,3951.4,2025-10-01 17:11:56,"Kraków, PL",0,0,1,0,0,1,0.0,HIGH_AMOUNT
1260,C022,4028.07,2025-10-04 18:48:03,"London, UK",0,0,1,0,0,1,0.0,HIGH_AMOUNT
4488,C022,5523.82,2025-10-04 21:39:36,"New York, US",0,0,1,0,0,1,0.0,HIGH_AMOUNT
205,C022,18920.78,2025-10-07 01:05:54,"Kraków, PL",0,0,1,0,0,1,0.0,HIGH_AMOUNT
1763,C022,5493.07,2025-10-08 08:21:30,"New York, US",0,0,1,1,0,1,0.0,"GEO, , HIGH_AMOUNT"
2671,C022,8149.81,2025-10-09 18:05:30,"London, UK",0,0,1,0,0,1,0.0,HIGH_AMOUNT
3747,C022,6545.66,2025-10-10 19:46:08,"London, UK",0,0,1,1,0,1,0.0,"GEO, , HIGH_AMOUNT"
1723,C022,1455.86,2025-10-15 04:28:20,"London, UK",0,1,1,1,0,0,0.0,GEO
4976,C022,12275.11,2025-10-15 08:00:09,"Warszawa, PL",0,0,1,0,0,1,0.0,HIGH_AMOUNT
5124,C022,5233.81,2025-10-17 03:00:19,"New York, US",0,0,1,0,0,1,0.0,HIGH_AMOUNT
6792,C022,13633.54,2025-10-17 05:37:55,"London, UK",0,0,1,1,0,1,0.0,"GEO, , HIGH_AMOUNT"
7390,C022,1592.11,2025-10-20 13:48:00,"London, UK",0,0,1,1,0,0,0.0,GEO
5736,C022,1467.44,2025-10-25 21:06:21,"London, UK",0,0,1,1,0,0,0.0,GEO
3215,C022,1563.68,2025-10-25 23:05:35,"London, UK",0,0,1,1,0,0,0.0,GEO
2640,C022,7072.49,2025-10-26 12:51:08,"Warszawa, PL",0,0,1,0,0,1,0.0,HIGH_AMOUNT
1458,C022,5290.85,2025-10-30 11:38:49,"New York, US",0,0,1,0,0,1,0.0,HIGH_AMOUNT
2608,C023,14150.55,2025-10-04 01:25:18,"London, UK",0,0,1,0,0,1,0.0,HIGH_AMOUNT
4226,C023,5822.37,2025-10-04 18:41:45,"Kraków, PL",0,0,1,0,0,1,0.0,HIGH_AMOUNT
6348,C023,5908.62,2025-10-05 11:26:29,"Kraków, PL",0,0,1,0,0,1,0.0,HIGH_AMOUNT
3313,C023,10519.86,2025-10-10 05:53:01,"New York, US",1,0,1,1,0,1,0.0,"GEO, , HIGH_AMOUNT"
5334,C023,5029.97,2025-10-16 12:54:46,"Kraków, PL",0,0,1,0,0,1,0.0,HIGH_AMOUNT
6309,C023,21384.7,2025-10-21 04:21:23,"Kraków, PL",0,0,1,0,0,1,0.0,HIGH_AMOUNT
8744,C023,5330.36,2025-10-25 21:14:34,"New York, US",0,0,1,1,0,1,0.0,"GEO, , HIGH_AMOUNT"
6966,C023,5283.29,2025-10-28 22:29:06,"New York, US",0,0,1,1,0,1,0.0,"GEO, , HIGH_AMOUNT"
5470,C024,7282.62,2025-10-02 09:00:47,"New York, US",0,0,1,0,0,1,0.0,HIGH_AMOUNT
4922,C024,1164.52,2025-10-06 04:00:55,"New York, US",0,1,1,1,0,0,0.0,GEO
4802,C024,3559.45,2025-10-08 00:36:25,"New York, US",0,0,1,1,0,1,0.0,"GEO, , HIGH_AMOUNT"
6016,C024,3444.17,2025-10-11 07:28:15,"Kraków, PL",0,0,1,0,0,1,0.0,HIGH_AMOUNT
2149,C024,4814.01,2025-10-12 04:13:39,"New York, US",0,0,1,0,0,1,0.0,HIGH_AMOUNT
5306,C024,2705.86,2025-10-16 03:01:51,"Warszawa, PL",0,0,1,0,0,1,0.0,HIGH_AMOUNT
880,C024,1243.05,2025-10-16 14:47:41,"New York, US",0,1,1,1,0,0,0.0,GEO
7695,C024,4087.87,2025-10-19 06:47:44,"London, UK",1,0,1,0,0,1,0.0,HIGH_AMOUNT
1173,C024,1505.56,2025-10-20 04:31:25,"London, UK",0,0,1,1,0,0,0.0,GEO
8944,C024,2776.52,2025-10-23 05:40:50,"Kraków, PL",0,0,1,0,0,1,0.0,HIGH_AMOUNT
3558,C024,4177.98,2025-10-25 05:43:09,"Warszawa, PL",0,0,1,0,0,1,0.0,HIGH_AMOUNT
9076,C024,1048.25,2025-10-26 23:12:19,"New York, US",0,0,1,1,0,0,0.0,GEO
551,C024,3308.21,2025-10-29 19:42:04,"New York, US",0,1,1,0,0,1,0.0,HIGH_AMOUNT
2745,C025,3245.41,2025-10-01 12:53:51,"Warszawa, PL",0,0,1,0,0,1,0.0,HIGH_AMOUNT
5489,C025,1861.09,2025-10-01 22:10:08,"New York, US",0,1,1,1,0,0,0.0,GEO
1434,C025,7997.55,2025-10-03 23:41:27,"London, UK",0,1,1,1,0,1,0.0,"GEO, , HIGH_AMOUNT"
6679,C025,1095.91,2025-10-04 09:21:15,"New York, US",0,0,1,1,0,0,0.0,GEO
4010,C025,4966.92,2025-10-06 13:17:32,"London, UK",0,0,1,0,0,1,0.0,HIGH_AMOUNT
6087,C025,7556.21,2025-10-08 16:21:11,"Warszawa, PL",0,0,1,0,0,1,0.0,HIGH_AMOUNT
5407,C025,2891.89,2025-10-08 18:06:31,"Kraków, PL",0,0,1,0,0,1,0.0,HIGH_AMOUNT
9021,C025,6606.8,2025-10-11 19:54:59,"New York, US",0,0,1,1,0,1,0.0,"GEO, , HIGH_AMOUNT"
8943,C025,1955.79,2025-10-12 16:42:43,"New York, US",0,1,1,1,0,0,0.0,GEO
6796,C025,11614.12,2025-10-14 06:45:44,"New York, US",0,1,1,1,0,1,0.0,"GEO, , HIGH_AMOUNT"
8609,C025,7204.88,2025-10-15 05:49:29,"Kraków, PL",0,1,1,0,0,1,0.0,HIGH_AMOUNT
6622,C025,1064.52,2025-10-16 18:41:35,"New York, US",0,0,1,1,0,0,0.0,GEO
608,C025,3755.86,2025-10-18 19:16:39,"London, UK",0,0,1,0,0,1,0.0,HIGH_AMOUNT
4008,C025,14816.77,2025-10-18 22:09:10,"Warszawa, PL",0,0,1,0,0,1,0.0,HIGH_AMOUNT
5256,C025,3095.66,2025-10-22 19:32:52,"Warszawa, PL",1,0,1,0,0,1,0.0,HIGH_AMOUNT
5159,C025,2835.82,2025-10-28 13:01:36,"Kraków, PL",0,0,1,0,0,1,0.0,HIGH_AMOUNT
9237,C026,10983.17,2025-10-05 01:52:32,"London, UK",0,0,1,0,0,1,0.0,HIGH_AMOUNT
7358,C026,12986.06,2025-10-06 19:49:41,"Warszawa, PL",0,0,1,0,0,1,0.0,HIGH_AMOUNT
5318,C026,22306.09,2025-10-07 00:31:10,"New York, US",0,0,1,1,0,1,0.0,"GEO, , HIGH_AMOUNT"
5757,C026,2026.3,2025-10-07 00:59:08,"New York, US",0,0,1,1,0,0,0.0,GEO
8074,C026,4667.22,2025-10-10 12:36:31,"Warszawa, PL",0,0,1,0,0,1,0.0,HIGH_AMOUNT
7909,C026,13958.59,2025-10-19 08:19:34,"New York, US",0,0,1,0,0,1,0.0,HIGH_AMOUNT
5206,C026,4130.29,2025-10-20 15:00:35,"Kraków, PL",0,1,1,0,0,1,0.0,HIGH_AMOUNT
3578,C026,5095.6,2025-10-26 14:05:58,"London, UK",0,0,1,0,0,1,0.0,HIGH_AMOUNT
633,C027,1157.2,2025-10-03 21:43:31,"London, UK",0,0,1,1,0,0,0.0,GEO
5651,C027,3739.03,2025-10-04 20:58:17,"Kraków, PL",0,0,1,0,0,1,0.0,HIGH_AMOUNT
9498,C027,2937.62,2025-10-05 22:29:02,"Kraków, PL",0,0,1,0,0,1,0.0,HIGH_AMOUNT
1532,C027,5872.16,2025-10-11 11:39:19,"Warszawa, PL",0,0,1,0,0,1,0.0,HIGH_AMOUNT
5741,C027,3731.51,2025-10-15 13:19:12,"Kraków, PL",0,0,1,0,0,1,0.0,HIGH_AMOUNT
7572,C027,1518.71,2025-10-22 13:03:00,"London, UK",0,0,1,1,0,0,0.0,GEO
8233,C027,5573.71,2025-10-24 04:12:23,"Kraków, PL",0,0,1,0,0,1,0.0,HIGH_AMOUNT
3895,C027,6650.86,2025-10-24 23:43:04,"London, UK",0,0,1,1,0,1,0.0,"GEO, , HIGH_AMOUNT"
5778,C027,11198.3,2025-10-27 21:03:56,"London, UK",0,0,1,1,0,1,0.0,"GEO, , HIGH_AMOUNT"
1210,C028,1906.88,2025-10-09 03:30:30,"New York, US",0,0,1,1,0,0,0.0,GEO
1460,C028,5679.5,2025-10-10 13:15:08,"Warszawa, PL",0,0,1,0,0,1,0.0,HIGH_AMOUNT
9508,C028,7803.3,2025-10-13 21:40:07,"New York, US",0,0,1,1,0,1,0.0,"GEO, , HIGH_AMOUNT"
7097,C028,3926.63,2025-10-14 13:33:59,"New York, US",0,0,1,0,0,1,0.0,HIGH_AMOUNT
8034,C028,1079.76,2025-10-18 11:21:04,"New York, US",0,0,1,1,0,0,0.0,GEO
5380,C028,3396.08,2025-10-21 07:37:41,"London, UK",0,0,1,0,0,1,0.0,HIGH_AMOUNT
794,C028,1764.27,2025-10-23 09:07:56,"New York, US",0,1,1,1,0,0,0.0,GEO
6427,C028,2550.08,2025-10-26 22:28:29,"Kraków, PL",0,0,1,0,0,1,0.0,HIGH_AMOUNT
2135,C028,2464.86,2025-10-28 13:37:46,"New York, US",0,0,1,1,0,1,0.0,"GEO, , HIGH_AMOUNT"
1822,C029,1519.16,2025-10-05 15:21:06,"London, UK",0,0,1,1,0,0,0.0,GEO
4829,C029,2975.63,2025-10-06 06:29:31,"London, UK",0,0,1,1,0,0,0.0,GEO
4200,C029,4914.13,2025-10-06 21:55:09,"Kraków, PL",0,0,1,0,0,1,0.0,HIGH_AMOUNT
4846,C029,1669.68,2025-10-07 01:31:38,"New York, US",0,0,1,1,0,0,0.0,GEO
9267,C029,3514.04,2025-10-08 07:23:21,"Warszawa, PL",0,1,1,0,0,1,0.0,HIGH_AMOUNT
3203,C029,5480.55,2025-10-11 04:41:37,"Kraków, PL",0,0,1,0,0,1,0.0,HIGH_AMOUNT
2489,C029,3419.97,2025-10-12 18:40:17,"Warszawa, PL",0,0,1,0,0,1,0.0,HIGH_AMOUNT
6801,C029,1058.2,2025-10-14 14:21:30,"London, UK",0,0,1,1,0,0,0.0,GEO
4234,C029,10290.67,2025-10-15 16:36:13,"Kraków, PL",0,0,1,0,0,1,0.0,HIGH_AMOUNT
3840,C029,4494.0,2025-10-17 04:56:22,"London, UK",0,0,1,0,0,1,0.0,HIGH_AMOUNT
8974,C029,3206.65,2025-10-18 23:21:16,"London, UK",0,0,1,1,0,1,0.0,"GEO, , HIGH_AMOUNT"
7309,C029,1841.86,2025-10-22 16:15:39,"London, UK",0,0,1,1,0,0,0.0,GEO
2737,C029,6014.89,2025-10-27 13:02:00,"Kraków, PL",0,0,1,0,0,1,0.0,HIGH_AMOUNT
6938,C029,2737.42,2025-10-28 01:33:02,"New York, US",0,0,1,1,0,0,0.0,GEO
4889,C030,4340.58,2025-10-01 20:02:19,"London, UK",0,0,1,0,0,1,0.0,HIGH_AMOUNT
8763,C030,1535.87,2025-10-03 17:14:33,"New York, US",0,0,1,1,0,0,0.0,GEO
1582,C030,3044.83,2025-10-03 22:00:40,"New York, US",0,0,1,1,0,1,0.0,"GEO, , HIGH_AMOUNT"
4300,C030,1751.48,2025-10-04 03:00:13,"London, UK",0,0,1,1,0,0,0.0,GEO
1010,C030,20059.6,2025-10-06 18:17:28,"Warszawa, PL",0,0,1,0,0,1,1.0,HIGH_AMOUNT
9974,C030,2300.92,2025-10-10 12:58:42,"New York, US",0,0,1,1,0,0,0.0,GEO
9966,C030,3273.72,2025-10-18 05:02:53,"Kraków, PL",0,0,1,0,0,1,0.0,HIGH_AMOUNT
8867,C030,3495.34,2025-10-20 15:22:36,"New York, US",0,0,1,1,0,1,0.0,"GEO, , HIGH_AMOUNT"
8655,C030,1943.57,2025-10-21 07:08:19,"London, UK",0,0,1,1,0,0,0.0,GEO
3406,C030,5050.04,2025-10-22 19:51:33,"Warszawa, PL",0,0,1,0,0,1,0.0,HIGH_AMOUNT
3913,C031,40116.09,2025-10-01 02:22:22,"Kraków, PL",0,0,1,0,0,1,0.0,HIGH_AMOUNT
7494,C031,1658.06,2025-10-04 08:26:39,"London, UK",0,0,1,1,0,0,0.0,GEO
1560,C031,4885.3,2025-10-07 12:21:19,"London, UK",0,0,1,1,0,0,0.0,GEO
2575,C031,6014.08,2025-10-08 06:26:10,"New York, US",0,0,1,0,0,1,0.0,HIGH_AMOUNT
1411,C031,13679.89,2025-10-19 14:19:32,"London, UK",0,0,1,0,0,1,0.0,HIGH_AMOUNT
8320,C031,4872.56,2025-10-20 03:34:17,"London, UK",0,0,1,1,0,0,0.0,GEO
9943,C031,6523.26,2025-10-21 18:20:37,"Kraków, PL",0,0,1,0,0,1,0.0,HIGH_AMOUNT
565,C031,1131.87,2025-10-22 05:14:28,"London, UK",0,0,1,1,0,0,0.0,GEO
3330,C031,16698.08,2025-10-26 16:30:37,"London, UK",0,0,1,0,0,1,0.0,HIGH_AMOUNT
6617,C031,8264.63,2025-10-27 17:39:18,"New York, US",0,1,1,0,0,1,0.0,HIGH_AMOUNT
592,C031,14375.04,2025-10-29 02:38:02,"London, UK",0,0,1,0,0,1,0.0,HIGH_AMOUNT
6756,C031,1070.14,2025-10-30 19:51:21,"New York, US",0,0,1,1,0,0,0.0,GEO
37,C032,30071.13,2025-10-04 15:22:24,"Kraków, PL",0,0,1,0,0,1,0.0,HIGH_AMOUNT
8568,C032,18061.65,2025-10-08 15:05:00,"Kraków, PL",0,0,1,0,0,1,0.0,HIGH_AMOUNT
2753,C032,2361.8,2025-10-14 10:06:16,"New York, US",0,0,1,1,0,0,0.0,GEO
8595,C032,2014.09,2025-10-15 10:22:03,"New York, US",0,0,1,1,0,0,0.0,GEO
5348,C032,1717.54,2025-10-15 11:46:39,"London, UK",0,0,1,1,0,0,0.0,GEO
976,C032,11332.13,2025-10-17 18:58:38,"New York, US",0,0,1,0,0,1,0.0,HIGH_AMOUNT
6843,C032,1176.87,2025-10-20 02:56:46,"New York, US",0,0,1,1,0,0,0.0,GEO
4347,C032,1335.49,2025-10-21 21:20:14,"London, UK",0,0,1,1,0,0,0.0,GEO
6689,C032,15314.85,2025-10-27 01:16:29,"Kraków, PL",0,0,1,0,0,1,0.0,HIGH_AMOUNT
534,C032,1902.28,2025-10-27 04:31:05,"New York, US",0,1,1,1,0,0,0.0,GEO
4594,C032,3142.48,2025-10-28 10:39:41,"London, UK",0,0,1,1,0,0,0.0,GEO
7901,C032,8357.01,2025-10-29 06:04:03,"New York, US",0,0,1,0,0,1,0.0,HIGH_AMOUNT
8694,C033,3454.43,2025-10-04 14:14:39,"New York, US",0,0,1,0,0,1,0.0,HIGH_AMOUNT
6302,C033,3671.32,2025-10-06 23:02:35,"Warszawa, PL",0,0,1,0,0,1,0.0,HIGH_AMOUNT
9436,C033,1778.92,2025-10-07 06:52:56,"New York, US",0,0,1,1,0,0,0.0,GEO
4449,C033,5184.91,2025-10-08 12:05:40,"Warszawa, PL",0,0,1,0,0,1,0.0,HIGH_AMOUNT
6017,C033,8459.54,2025-10-12 01:20:12,"Kraków, PL",0,1,1,0,0,1,0.0,HIGH_AMOUNT
7110,C033,3176.84,2025-10-18 03:35:20,"Warszawa, PL",0,0,1,0,0,1,0.0,HIGH_AMOUNT
340,C033,9964.66,2025-10-19 15:53:29,"London, UK",0,0,1,0,0,1,0.0,HIGH_AMOUNT
1596,C033,4606.27,2025-10-23 01:15:43,"London, UK",0,1,1,0,0,1,0.0,HIGH_AMOUNT
6956,C033,3586.84,2025-10-27 18:56:33,"London, UK",0,0,1,0,0,1,0.0,HIGH_AMOUNT
8238,C033,4274.04,2025-10-29 12:00:42,"New York, US",0,0,1,0,0,1,0.0,HIGH_AMOUNT
7533,C034,4760.54,2025-10-05 06:11:12,"Warszawa, PL",0,0,1,0,0,1,0.0,HIGH_AMOUNT
156,C034,1813.11,2025-10-07 10:53:28,"London, UK",0,0,1,1,0,0,0.0,GEO
1892,C034,13286.03,2025-10-09 13:10:52,"New York, US",0,0,1,0,0,1,0.0,HIGH_AMOUNT
4199,C034,1006.32,2025-10-11 11:12:33,"London, UK",0,1,1,1,0,0,0.0,GEO
9316,C034,1040.95,2025-10-11 13:08:19,"New York, US",0,0,1,1,0,0,0.0,GEO
5120,C034,1289.16,2025-10-14 13:08:28,"London, UK",0,0,1,1,0,0,0.0,GEO
5333,C034,1204.24,2025-10-15 01:06:50,"London, UK",0,0,1,1,0,0,0.0,GEO
5548,C034,4347.81,2025-10-15 22:53:18,"Warszawa, PL",0,0,1,0,0,1,0.0,HIGH_AMOUNT
3758,C034,1575.72,2025-10-19 13:21:23,"London, UK",0,0,1,1,0,0,0.0,GEO
6514,C034,4703.93,2025-10-20 15:48:19,"Warszawa, PL",0,1,1,0,0,1,0.0,HIGH_AMOUNT
4682,C034,24036.26,2025-10-23 03:58:12,"London, UK",0,0,1,0,0,1,0.0,HIGH_AMOUNT
899,C034,9991.61,2025-10-25 09:53:06,"New York, US",0,0,1,0,0,1,0.0,HIGH_AMOUNT
6993,C034,7669.26,2025-10-28 03:39:48,"Warszawa, PL",0,0,1,0,0,1,0.0,HIGH_AMOUNT
6675,C034,10298.79,2025-10-30 11:20:00,"London, UK",0,0,1,0,0,1,0.0,HIGH_AMOUNT
9986,C035,9039.44,2025-10-03 11:34:23,"Kraków, PL",0,0,1,0,0,1,0.0,HIGH_AMOUNT
1724,C035,2001.94,2025-10-05 20:24:15,"London, UK",0,0,1,1,0,0,0.0,GEO
1824,C035,4196.07,2025-10-06 23:04:25,"Warszawa, PL",0,0,1,0,0,1,0.0,HIGH_AMOUNT
1919,C035,5638.32,2025-10-21 11:42:11,"Warszawa, PL",0,0,1,0,0,1,0.0,HIGH_AMOUNT
3528,C035,4852.33,2025-10-21 12:51:48,"Warszawa, PL",0,0,1,0,0,1,0.0,HIGH_AMOUNT
2072,C035,4515.62,2025-10-22 00:12:18,"London, UK",0,0,1,0,0,1,0.0,HIGH_AMOUNT
51,C035,1149.88,2025-10-22 08:42:48,"New York, US",0,0,1,1,0,0,0.0,GEO
4441,C035,10993.57,2025-10-22 23:59:58,"Warszawa, PL",0,1,1,0,0,1,0.0,HIGH_AMOUNT
2799,C035,11842.99,2025-10-24 16:25:48,"New York, US",0,0,1,0,0,1,0.0,HIGH_AMOUNT
7035,C035,4062.07,2025-10-26 11:54:07,"Warszawa, PL",0,0,1,0,0,1,0.0,HIGH_AMOUNT
9081,C035,16307.34,2025-10-27 10:10:43,"Warszawa, PL",0,0,1,0,0,1,1.0,HIGH_AMOUNT
5027,C035,4196.67,2025-10-30 10:02:05,"Kraków, PL",0,0,1,0,0,1,0.0,HIGH_AMOUNT
8180,C036,29935.6,2025-10-01 17:11:12,"Kraków, PL",0,0,1,0,0,1,0.0,HIGH_AMOUNT
7270,C036,5426.17,2025-10-04 12:32:49,"London, UK",0,0,1,0,0,1,0.0,HIGH_AMOUNT
9898,C036,1037.85,2025-10-11 15:43:14,"New York, US",0,0,1,1,0,0,0.0,GEO
7347,C036,3085.38,2025-10-14 13:32:59,"London, UK",0,0,1,1,0,0,0.0,GEO
1621,C036,4470.74,2025-10-19 14:59:26,"Warszawa, PL",0,0,1,0,0,1,0.0,HIGH_AMOUNT
9963,C036,13218.94,2025-10-23 23:36:47,"London, UK",0,0,1,0,0,1,0.0,HIGH_AMOUNT
9671,C036,9855.67,2025-10-25 07:28:24,"Warszawa, PL",1,0,1,0,0,1,0.0,HIGH_AMOUNT
5050,C036,3968.05,2025-10-27 18:56:03,"Warszawa, PL",0,0,1,0,0,1,0.0,HIGH_AMOUNT
5594,C036,6512.48,2025-10-28 21:23:57,"London, UK",0,1,1,0,0,1,0.0,HIGH_AMOUNT
7144,C037,9118.89,2025-10-04 13:45:19,"Kraków, PL",0,0,1,0,0,1,0.0,HIGH_AMOUNT
1943,C037,12684.42,2025-10-05 03:33:56,"London, UK",0,0,1,0,0,1,0.0,HIGH_AMOUNT
5585,C037,12756.63,2025-10-05 20:35:03,"Warszawa, PL",0,0,1,0,0,1,0.0,HIGH_AMOUNT
728,C037,5881.97,2025-10-13 08:51:25,"Kraków, PL",0,0,1,0,0,1,0.0,HIGH_AMOUNT
2795,C037,1161.89,2025-10-19 17:04:51,"London, UK",0,0,1,1,0,0,0.0,GEO
2063,C037,6925.26,2025-10-20 05:40:07,"Warszawa, PL",0,0,1,0,0,1,0.0,HIGH_AMOUNT
888,C037,18454.63,2025-10-21 23:12:16,"New York, US",0,0,1,0,0,1,0.0,HIGH_AMOUNT
5915,C037,2586.12,2025-10-23 11:24:53,"London, UK",0,0,1,1,0,0,0.0,GEO
296,C037,1380.19,2025-10-29 03:32:43,"New York, US",0,0,1,1,0,0,0.0,GEO
4112,C037,5126.3,2025-10-29 14:50:06,"Warszawa, PL",1,1,1,0,0,1,0.0,HIGH_AMOUNT
3773,C038,4828.25,2025-10-02 03:20:20,"Kraków, PL",0,0,1,0,0,1,0.0,HIGH_AMOUNT
2288,C038,2017.22,2025-10-03 07:16:55,"New York, US",0,0,1,1,0,0,1.0,GEO
8374,C038,24121.77,2025-10-04 02:23:27,"Warszawa, PL",0,0,1,0,0,1,0.0,HIGH_AMOUNT
7995,C038,5469.58,2025-10-08 15:43:02,"London, UK",0,0,1,0,0,1,0.0,HIGH_AMOUNT
6204,C038,38024.3,2025-10-09 21:07:53,"Warszawa, PL",0,0,1,0,0,1,0.0,HIGH_AMOUNT
4360,C038,4702.18,2025-10-16 13:55:52,"London, UK",0,0,1,1,0,1,0.0,"GEO, , HIGH_AMOUNT"
659,C038,2248.07,2025-10-20 06:40:57,"New York, US",0,0,1,1,0,0,0.0,GEO
7504,C039,5631.03,2025-10-01 11:42:29,"Kraków, PL",0,0,1,0,0,1,0.0,HIGH_AMOUNT
7441,C039,15620.01,2025-10-01 16:22:56,"London, UK",0,0,1,1,0,1,0.0,"GEO, , HIGH_AMOUNT"
5130,C039,1712.92,2025-10-02 17:49:01,"New York, US",0,0,1,1,0,0,0.0,GEO
7422,C039,1609.43,2025-10-02 17:51:31,"London, UK",0,1,1,1,0,0,0.0,GEO
9839,C039,6001.71,2025-10-04 18:02:47,"New York, US",0,0,1,0,0,1,0.0,HIGH_AMOUNT
2641,C039,4556.85,2025-10-06 12:34:06,"Kraków, PL",0,0,1,0,0,1,0.0,HIGH_AMOUNT
8445,C039,5366.87,2025-10-12 05:42:39,"London, UK",0,0,1,0,0,1,0.0,HIGH_AMOUNT
8965,C039,12926.63,2025-10-14 05:12:56,"London, UK",0,0,1,1,0,1,0.0,"GEO, , HIGH_AMOUNT"
7040,C039,3160.0,2025-10-14 13:36:27,"New York, US",0,1,1,1,0,0,0.0,GEO
354,C039,1948.04,2025-10-17 20:31:05,"London, UK",0,0,1,1,0,0,0.0,GEO
7108,C039,1192.46,2025-10-18 10:33:36,"New York, US",0,0,1,1,0,0,0.0,GEO
1378,C039,8449.99,2025-10-25 01:58:41,"Kraków, PL",0,0,1,0,0,1,0.0,HIGH_AMOUNT
1713,C039,1131.87,2025-10-26 07:26:02,"New York, US",0,0,1,1,0,0,0.0,GEO
4876,C039,1395.8,2025-10-27 07:23:27,"New York, US",0,0,1,1,0,0,1.0,GEO
5782,C040,3845.68,2025-10-01 08:13:35,"Warszawa, PL",0,0,1,0,0,1,0.0,HIGH_AMOUNT
9440,C040,5602.6,2025-10-04 01:02:05,"Kraków, PL",0,0,1,0,0,1,0.0,HIGH_AMOUNT
5810,C040,6979.04,2025-10-05 14:56:00,"Warszawa, PL",0,0,1,0,0,1,0.0,HIGH_AMOUNT
4473,C040,1699.34,2025-10-13 05:54:16,"New York, US",0,0,1,1,0,0,0.0,GEO
1078,C040,9387.02,2025-10-16 05:49:15,"Kraków, PL",0,0,1,0,0,1,0.0,HIGH_AMOUNT
2679,C040,1595.49,2025-10-16 11:39:38,"London, UK",0,0,1,1,0,0,0.0,GEO
1683,C040,6213.59,2025-10-20 00:01:22,"New York, US",0,0,1,1,0,1,1.0,"GEO, , HIGH_AMOUNT"
9713,C040,2869.56,2025-10-20 01:43:38,"New York, US",0,0,1,1,0,0,0.0,GEO
7169,C040,21326.67,2025-10-23 06:50:03,"New York, US",0,0,1,1,0,1,0.0,"GEO, , HIGH_AMOUNT"
7973,C040,1056.82,2025-10-28 17:11:58,"London, UK",0,0,1,1,0,0,0.0,GEO
9147,C040,5650.87,2025-10-30 09:26:55,"New York, US",0,0,1,0,0,1,0.0,HIGH_AMOUNT
5123,C041,3534.17,2025-10-01 14:58:08,"London, UK",0,0,1,0,0,1,0.0,HIGH_AMOUNT
566,C041,1962.57,2025-10-04 15:34:40,"New York, US",0,0,1,1,0,0,0.0,GEO
1733,C041,5992.12,2025-10-06 07:23:43,"New York, US",0,0,1,0,0,1,0.0,HIGH_AMOUNT
5620,C041,1037.1,2025-10-07 12:32:01,"London, UK",0,1,1,1,0,0,0.0,GEO
9403,C041,3916.51,2025-10-12 17:47:16,"Kraków, PL",0,0,1,0,0,1,0.0,HIGH_AMOUNT
4396,C041,5146.12,2025-10-15 00:06:56,"Warszawa, PL",0,0,1,0,0,1,0.0,HIGH_AMOUNT
3963,C041,4234.92,2025-10-16 12:25:05,"New York, US",0,0,1,0,0,1,0.0,HIGH_AMOUNT
2731,C041,1756.38,2025-10-17 06:23:15,"London, UK",0,0,1,1,0,0,0.0,GEO
9466,C041,3440.51,2025-10-25 01:30:07,"Kraków, PL",0,0,1,0,0,1,0.0,HIGH_AMOUNT
1283,C041,1949.0,2025-10-27 07:50:07,"London, UK",0,0,1,1,0,0,0.0,GEO
4324,C041,13806.83,2025-10-27 14:21:58,"Warszawa, PL",0,1,1,0,0,1,0.0,HIGH_AMOUNT
5268,C041,3308.45,2025-10-30 20:26:41,"Kraków, PL",0,0,1,0,0,1,0.0,HIGH_AMOUNT
8676,C042,3125.08,2025-10-06 06:11:52,"Kraków, PL",0,0,1,0,0,1,0.0,HIGH_AMOUNT
9711,C042,5761.18,2025-10-08 13:11:45,"New York, US",0,0,1,1,0,1,0.0,"GEO, , HIGH_AMOUNT"
6434,C042,4403.83,2025-10-13 02:43:51,"London, UK",0,0,1,1,0,1,0.0,"GEO, , HIGH_AMOUNT"
7976,C042,11821.07,2025-10-17 05:01:59,"Kraków, PL",0,0,1,0,0,1,0.0,HIGH_AMOUNT
986,C042,8629.68,2025-10-18 12:21:53,"London, UK",0,1,1,0,0,1,0.0,HIGH_AMOUNT
3059,C042,7833.78,2025-10-19 23:57:22,"Warszawa, PL",0,0,1,0,0,1,0.0,HIGH_AMOUNT
5456,C042,7181.21,2025-10-22 06:55:40,"New York, US",0,0,1,0,0,1,0.0,HIGH_AMOUNT
5625,C042,5794.82,2025-10-28 16:56:13,"Warszawa, PL",0,0,1,0,0,1,0.0,HIGH_AMOUNT
9003,C043,1214.87,2025-10-22 06:01:03,"London, UK",0,0,1,1,0,0,0.0,GEO
7631,C043,1095.04,2025-10-23 16:20:24,"New York, US",0,0,1,1,0,0,0.0,GEO
2783,C043,169093.81,2025-10-25 05:33:18,"London, UK",0,0,1,0,0,1,0.0,HIGH_AMOUNT
3615,C043,9214.88,2025-10-26 22:01:11,"Kraków, PL",0,0,1,0,0,1,0.0,HIGH_AMOUNT
6345,C044,2232.32,2025-10-03 18:59:39,"London, UK",0,0,1,1,0,0,0.0,GEO
76,C044,1871.49,2025-10-04 21:33:18,"London, UK",0,0,1,1,0,0,0.0,GEO
4167,C044,4552.67,2025-10-04 22:15:55,"Kraków, PL",0,1,1,0,0,1,0.0,HIGH_AMOUNT
5078,C044,2282.89,2025-10-15 00:20:21,"New York, US",0,0,1,1,0,0,0.0,GEO
8766,C044,4002.05,2025-10-22 03:41:12,"London, UK",0,0,1,1,0,1,0.0,"GEO, , HIGH_AMOUNT"
6657,C044,26343.04,2025-10-25 22:06:17,"Kraków, PL",1,0,1,0,0,1,0.0,HIGH_AMOUNT
9567,C044,13112.59,2025-10-30 07:20:40,"Kraków, PL",0,0,1,0,0,1,0.0,HIGH_AMOUNT
5801,C045,13548.71,2025-10-13 23:42:55,"Warszawa, PL",0,0,1,0,0,1,0.0,HIGH_AMOUNT
7219,C045,1034.36,2025-10-14 18:00:29,"New York, US",0,0,1,1,0,0,0.0,GEO
8973,C045,3129.23,2025-10-14 18:17:58,"Kraków, PL",0,0,1,0,0,1,0.0,HIGH_AMOUNT
5225,C045,3417.53,2025-10-17 17:00:35,"New York, US",0,0,1,0,0,1,0.0,HIGH_AMOUNT
9178,C045,3304.01,2025-10-22 19:17:45,"Warszawa, PL",0,0,1,0,0,1,0.0,HIGH_AMOUNT
1381,C045,2879.76,2025-10-24 17:38:52,"New York, US",0,0,1,0,0,1,0.0,HIGH_AMOUNT
1065,C045,3020.64,2025-10-25 14:35:29,"Kraków, PL",0,0,1,0,0,1,0.0,HIGH_AMOUNT
6354,C045,1709.6,2025-10-27 22:11:41,"New York, US",0,0,1,1,0,0,0.0,GEO
4259,C045,6204.9,2025-10-30 22:57:30,"Kraków, PL",0,0,1,0,0,1,0.0,HIGH_AMOUNT
2244,C046,4575.71,2025-10-04 03:45:05,"Kraków, PL",0,0,1,0,0,1,0.0,HIGH_AMOUNT
6794,C046,5362.54,2025-10-05 14:24:05,"New York, US",0,0,1,0,0,1,0.0,HIGH_AMOUNT
6947,C046,4097.66,2025-10-06 22:44:04,"Kraków, PL",0,0,1,0,0,1,0.0,HIGH_AMOUNT
4888,C046,1843.73,2025-10-15 04:58:26,"New York, US",0,1,1,1,0,0,0.0,GEO
4361,C046,6073.64,2025-10-15 18:21:01,"Kraków, PL",0,0,1,0,0,1,0.0,HIGH_AMOUNT
6930,C046,4842.51,2025-10-19 21:05:10,"Warszawa, PL",0,0,1,0,0,1,0.0,HIGH_AMOUNT
8109,C046,11473.44,2025-10-20 19:29:27,"Warszawa, PL",0,0,1,0,0,1,0.0,HIGH_AMOUNT
2545,C046,4102.45,2025-10-26 23:05:16,"London, UK",0,0,1,0,0,1,0.0,HIGH_AMOUNT
2191,C046,3370.84,2025-10-28 23:33:32,"Kraków, PL",0,0,1,0,0,1,0.0,HIGH_AMOUNT
9126,C046,5260.93,2025-10-30 10:03:56,"Warszawa, PL",0,0,1,0,0,1,0.0,HIGH_AMOUNT
8912,C047,1188.39,2025-10-01 14:04:39,"New York, US",0,1,1,1,0,0,0.0,GEO
413,C047,4086.08,2025-10-04 02:21:01,"London, UK",0,1,1,0,0,1,0.0,HIGH_AMOUNT
8577,C047,9577.5,2025-10-04 14:55:44,"London, UK",0,0,1,1,0,1,0.0,"GEO, , HIGH_AMOUNT"
5148,C047,6131.1,2025-10-05 07:57:03,"London, UK",0,1,1,1,0,1,0.0,"GEO, , HIGH_AMOUNT"
5732,C047,4959.34,2025-10-07 03:44:29,"London, UK",0,0,1,0,0,1,1.0,HIGH_AMOUNT
7214,C047,14171.57,2025-10-14 09:36:52,"Warszawa, PL",0,0,1,0,0,1,0.0,HIGH_AMOUNT
5822,C047,1637.06,2025-10-16 12:03:00,"New York, US",0,0,1,1,0,0,0.0,GEO
7943,C047,4918.62,2025-10-21 18:21:21,"Warszawa, PL",0,0,1,0,0,1,0.0,HIGH_AMOUNT
6976,C047,1072.51,2025-10-22 07:41:00,"London, UK",0,1,1,1,0,0,0.0,GEO
4545,C047,1951.14,2025-10-22 09:51:13,"New York, US",0,0,1,1,0,0,0.0,GEO
8556,C047,4822.77,2025-10-23 12:46:20,"Kraków, PL",0,0,1,0,0,1,0.0,HIGH_AMOUNT
9626,C047,2235.1,2025-10-23 15:02:14,"London, UK",0,0,1,1,0,0,0.0,GEO
3759,C047,5633.11,2025-10-23 16:54:40,"Warszawa, PL",0,0,1,0,0,1,0.0,HIGH_AMOUNT
7057,C047,4231.52,2025-10-28 05:21:38,"London, UK",0,0,1,0,0,1,0.0,HIGH_AMOUNT
3667,C048,1252.91,2025-10-01 13:01:54,"London, UK",0,0,1,1,0,0,0.0,GEO
1308,C048,1031.62,2025-10-05 00:03:40,"London, UK",0,0,1,1,0,0,0.0,GEO
1100,C048,4817.79,2025-10-05 10:56:10,"Kraków, PL",0,0,1,0,0,1,0.0,HIGH_AMOUNT
3877,C048,4305.48,2025-10-06 04:55:24,"New York, US",0,1,1,0,0,1,0.0,HIGH_AMOUNT
2042,C048,1825.06,2025-10-07 22:20:20,"New York, US",0,0,1,1,0,0,0.0,GEO
8143,C048,4909.08,2025-10-09 03:14:34,"London, UK",0,0,1,0,0,1,0.0,HIGH_AMOUNT
4555,C048,8992.89,2025-10-12 05:32:31,"Warszawa, PL",0,0,1,0,0,1,0.0,HIGH_AMOUNT
8473,C048,1636.75,2025-10-22 14:13:08,"London, UK",0,0,1,1,0,0,0.0,GEO
6554,C048,9562.34,2025-10-24 02:56:38,"Warszawa, PL",0,0,1,0,0,1,0.0,HIGH_AMOUNT
2444,C048,5236.43,2025-10-25 00:22:03,"London, UK",0,0,1,1,0,1,0.0,"GEO, , HIGH_AMOUNT"
3083,C048,29431.04,2025-10-25 23:38:44,"Warszawa, PL",0,0,1,0,0,1,0.0,HIGH_AMOUNT
3489,C048,5199.15,2025-10-26 22:17:56,"London, UK",0,0,1,0,0,1,0.0,HIGH_AMOUNT
9449,C049,2178.48,2025-10-06 11:34:52,"New York, US",0,0,1,1,0,0,0.0,GEO
2596,C049,1309.04,2025-10-06 11:47:58,"London, UK",0,1,1,1,0,0,0.0,GEO
6492,C049,4102.97,2025-10-07 10:22:42,"Warszawa, PL",0,0,1,0,0,1,0.0,HIGH_AMOUNT
8937,C049,6917.28,2025-10-13 11:12:01,"Kraków, PL",0,0,1,0,0,1,0.0,HIGH_AMOUNT
3694,C049,4145.7,2025-10-16 02:18:05,"Warszawa, PL",0,0,1,0,0,1,0.0,HIGH_AMOUNT
7992,C049,4020.04,2025-10-17 06:46:17,"Warszawa, PL",0,0,1,0,0,1,0.0,HIGH_AMOUNT
1354,C049,2321.76,2025-10-17 08:21:35,"London, UK",0,0,1,1,0,0,0.0,GEO
3899,C049,15247.25,2025-10-19 09:23:44,"Kraków, PL",0,0,1,0,0,1,0.0,HIGH_AMOUNT
7693,C049,4049.03,2025-10-25 12:47:28,"Kraków, PL",0,0,1,0,0,1,0.0,HIGH_AMOUNT
8004,C049,1036.04,2025-10-25 14:40:09,"New York, US",0,0,1,1,0,0,0.0,GEO
1593,C050,84264.03,2025-10-04 12:51:00,"New York, US",0,0,1,0,0,1,0.0,HIGH_AMOUNT
9739,C050,3932.2,2025-10-07 02:19:21,"London, UK",0,0,1,1,0,0,0.0,GEO
2224,C050,2187.32,2025-10-10 05:43:17,"London, UK",0,1,1,1,0,0,0.0,GEO
3166,C050,5468.94,2025-10-16 13:03:26,"London, UK",0,0,1,0,0,1,0.0,HIGH_AMOUNT
5723,C050,1110.83,2025-10-26 22:55:48,"London, UK",0,0,1,1,0,0,0.0,GEO
1608,C050,1605.06,2025-10-26 23:51:08,"New York, US",0,0,1,1,0,0,0.0,GEO
8452,C050,1601.11,2025-10-30 09:44:33,"London, UK",0,0,1,1,0,0,0.0,GEO
539,C051,23586.98,2025-10-03 20:46:32,"New York, US",0,0,1,0,0,1,0.0,HIGH_AMOUNT
2990,C051,17293.66,2025-10-04 10:26:47,"London, UK",0,0,1,0,0,1,0.0,HIGH_AMOUNT
2503,C051,10608.38,2025-10-06 22:51:51,"Kraków, PL",0,0,1,0,0,1,0.0,HIGH_AMOUNT
7114,C051,6105.96,2025-10-07 04:46:37,"Kraków, PL",0,0,1,0,0,1,0.0,HIGH_AMOUNT
7994,C051,9797.66,2025-10-11 04:27:34,"London, UK",0,0,1,0,0,1,0.0,HIGH_AMOUNT
2601,C051,1345.59,2025-10-19 14:02:10,"London, UK",0,0,1,1,0,0,0.0,GEO
6184,C051,6201.06,2025-10-24 07:50:26,"Kraków, PL",0,0,1,0,0,1,1.0,HIGH_AMOUNT
2890,C051,1033.87,2025-10-26 16:44:35,"London, UK",0,0,1,1,0,0,0.0,GEO
9222,C051,7019.54,2025-10-27 07:55:11,"Kraków, PL",0,0,1,0,0,1,0.0,HIGH_AMOUNT
5244,C051,5118.28,2025-10-27 17:08:02,"Warszawa, PL",0,1,1,0,0,1,0.0,HIGH_AMOUNT
8939,C051,3481.1,2025-10-30 11:24:45,"New York, US",0,0,1,1,0,0,0.0,GEO
4581,C052,3118.83,2025-10-05 18:08:40,"Warszawa, PL",0,0,1,0,0,1,0.0,HIGH_AMOUNT
8754,C052,10263.92,2025-10-09 19:17:24,"Warszawa, PL",0,0,1,0,0,1,0.0,HIGH_AMOUNT
9625,C052,2112.04,2025-10-12 19:38:16,"New York, US",0,0,1,1,0,0,0.0,GEO
1938,C052,5980.3,2025-10-13 06:39:17,"Warszawa, PL",0,0,1,0,0,1,0.0,HIGH_AMOUNT
8005,C052,3036.43,2025-10-14 11:22:16,"Warszawa, PL",0,0,1,0,0,1,1.0,HIGH_AMOUNT
4305,C052,7378.26,2025-10-22 01:11:25,"Warszawa, PL",0,0,1,0,0,1,0.0,HIGH_AMOUNT
6157,C052,7706.41,2025-10-23 14:29:31,"New York, US",0,1,1,0,0,1,0.0,HIGH_AMOUNT
7488,C053,15268.12,2025-10-01 23:01:21,"New York, US",0,0,1,0,0,1,0.0,HIGH_AMOUNT
135,C053,2203.15,2025-10-04 06:41:46,"London, UK",0,0,1,1,0,0,0.0,GEO
4668,C053,4745.23,2025-10-11 07:33:39,"London, UK",0,0,1,0,0,1,0.0,HIGH_AMOUNT
2129,C053,3257.2,2025-10-11 09:11:47,"London, UK",0,0,1,0,0,1,0.0,HIGH_AMOUNT
263,C053,4157.64,2025-10-11 23:16:02,"Kraków, PL",1,0,1,0,0,1,0.0,HIGH_AMOUNT
4335,C053,5591.9,2025-10-12 11:36:42,"London, UK",0,0,1,0,0,1,0.0,HIGH_AMOUNT
5521,C053,6043.22,2025-10-12 19:30:17,"New York, US",0,0,1,0,0,1,0.0,HIGH_AMOUNT
3104,C053,1022.22,2025-10-15 07:09:03,"London, UK",0,0,1,1,0,0,0.0,GEO
1838,C053,7256.75,2025-10-21 10:34:51,"New York, US",0,1,1,0,0,1,0.0,HIGH_AMOUNT
6653,C053,4402.29,2025-10-23 10:03:55,"London, UK",0,1,1,1,0,1,0.0,"GEO, , HIGH_AMOUNT"
6151,C053,4080.75,2025-10-25 21:47:03,"London, UK",0,0,1,1,0,1,0.0,"GEO, , HIGH_AMOUNT"
7847,C054,4446.78,2025-10-05 05:55:35,"Warszawa, PL",0,0,1,0,0,1,0.0,HIGH_AMOUNT
7024,C054,5261.38,2025-10-12 09:41:10,"Warszawa, PL",0,0,1,0,0,1,0.0,HIGH_AMOUNT
6562,C054,4339.58,2025-10-14 15:48:44,"London, UK",0,0,1,0,0,1,0.0,HIGH_AMOUNT
3699,C054,1647.01,2025-10-16 22:01:30,"London, UK",0,0,1,1,0,0,0.0,GEO
8164,C054,4500.34,2025-10-18 00:13:50,"Warszawa, PL",0,0,1,0,0,1,0.0,HIGH_AMOUNT
656,C054,5610.04,2025-10-28 01:23:26,"Warszawa, PL",0,0,1,0,0,1,0.0,HIGH_AMOUNT
7966,C054,3815.34,2025-10-28 07:28:52,"Warszawa, PL",0,0,1,0,0,1,0.0,HIGH_AMOUNT
5356,C054,3225.67,2025-10-28 13:23:29,"New York, US",0,0,1,1,0,1,0.0,"GEO, , HIGH_AMOUNT"
366,C055,4368.19,2025-10-01 04:51:31,"New York, US",0,0,1,0,0,1,0.0,HIGH_AMOUNT
6327,C055,4273.28,2025-10-01 18:37:00,"New York, US",0,0,1,0,0,1,0.0,HIGH_AMOUNT
2253,C055,4898.75,2025-10-03 20:20:09,"London, UK",0,0,1,1,0,1,1.0,"GEO, , HIGH_AMOUNT"
5009,C055,8365.18,2025-10-06 18:49:36,"London, UK",0,0,1,1,0,1,0.0,"GEO, , HIGH_AMOUNT"
5638,C055,8937.28,2025-10-09 17:08:06,"Kraków, PL",1,0,1,0,0,1,0.0,HIGH_AMOUNT
2359,C055,1290.53,2025-10-12 18:55:09,"London, UK",0,0,1,1,0,0,0.0,GEO
6580,C055,2420.51,2025-10-13 17:36:04,"London, UK",0,0,1,1,0,0,0.0,GEO
4242,C055,3288.43,2025-10-16 19:05:11,"Warszawa, PL",0,0,1,0,0,1,0.0,HIGH_AMOUNT
5044,C055,4291.36,2025-10-18 20:47:49,"New York, US",0,1,1,1,0,1,0.0,"GEO, , HIGH_AMOUNT"
9856,C055,1797.01,2025-10-26 23:56:59,"New York, US",0,0,1,1,0,0,0.0,GEO
7588,C055,2187.64,2025-10-28 12:42:52,"London, UK",0,0,1,1,0,0,0.0,GEO
234,C055,14616.58,2025-10-29 05:06:25,"New York, US",0,0,1,1,0,1,0.0,"GEO, , HIGH_AMOUNT"
6597,C056,4036.16,2025-10-01 07:08:28,"Warszawa, PL",0,0,1,0,0,1,0.0,HIGH_AMOUNT
3156,C056,5981.02,2025-10-02 01:40:16,"New York, US",0,0,1,0,0,1,0.0,HIGH_AMOUNT
8009,C056,5350.26,2025-10-02 13:05:21,"Kraków, PL",0,0,1,0,0,1,0.0,HIGH_AMOUNT
5909,C056,9146.93,2025-10-09 09:36:22,"London, UK",0,0,1,1,0,1,0.0,"GEO, , HIGH_AMOUNT"
2179,C056,3896.43,2025-10-12 04:08:09,"Warszawa, PL",0,1,1,0,0,1,0.0,HIGH_AMOUNT
194,C056,5249.64,2025-10-13 20:41:13,"Kraków, PL",0,0,1,0,0,1,0.0,HIGH_AMOUNT
4096,C056,1932.38,2025-10-14 11:22:54,"New York, US",0,0,1,1,0,0,0.0,GEO
1106,C056,1067.78,2025-10-15 10:20:27,"New York, US",0,0,1,1,0,0,0.0,GEO
5186,C056,3668.75,2025-10-16 14:56:27,"New York, US",0,0,1,1,0,1,0.0,"GEO, , HIGH_AMOUNT"
9138,C056,6351.66,2025-10-21 05:28:29,"Kraków, PL",0,0,1,0,0,1,0.0,HIGH_AMOUNT
5976,C056,9561.94,2025-10-22 16:58:28,"New York, US",0,1,1,1,0,1,0.0,"GEO, , HIGH_AMOUNT"
2912,C056,3721.52,2025-10-24 08:10:32,"London, UK",0,0,1,0,0,1,0.0,HIGH_AMOUNT
6995,C056,4204.96,2025-10-28 04:58:19,"London, UK",0,0,1,0,0,1,0.0,HIGH_AMOUNT
9098,C056,11990.29,2025-10-30 00:02:30,"New York, US",0,0,1,1,0,1,0.0,"GEO, , HIGH_AMOUNT"
761,C056,3966.94,2025-10-30 09:18:28,"New York, US",0,0,1,0,0,1,0.0,HIGH_AMOUNT
2267,C057,1620.25,2025-10-05 11:54:35,"New York, US",0,0,1,1,0,0,0.0,GEO
831,C057,1569.19,2025-10-05 23:12:07,"New York, US",0,0,1,1,0,0,0.0,GEO
9601,C057,3637.01,2025-10-07 18:51:11,"London, UK",0,0,1,1,0,1,0.0,"GEO, , HIGH_AMOUNT"
6516,C057,1100.71,2025-10-09 06:52:41,"New York, US",0,0,1,1,0,0,0.0,GEO
7068,C057,3422.7,2025-10-09 17:21:43,"Warszawa, PL",0,1,1,0,0,1,0.0,HIGH_AMOUNT
2898,C057,5654.42,2025-10-09 21:51:23,"Kraków, PL",0,0,1,0,0,1,0.0,HIGH_AMOUNT
2324,C057,16951.21,2025-10-15 17:31:59,"London, UK",0,0,1,0,0,1,0.0,HIGH_AMOUNT
9851,C057,8028.92,2025-10-20 02:21:09,"Warszawa, PL",0,0,1,0,0,1,0.0,HIGH_AMOUNT
8257,C057,4266.13,2025-10-27 09:29:42,"London, UK",1,0,1,1,0,1,0.0,"GEO, , HIGH_AMOUNT"
2824,C057,4443.37,2025-10-28 17:11:42,"Warszawa, PL",0,0,1,0,0,1,0.0,HIGH_AMOUNT
2015,C057,5464.44,2025-10-29 07:34:01,"New York, US",0,0,1,0,0,1,0.0,HIGH_AMOUNT
8239,C057,6531.88,2025-10-30 13:01:58,"Kraków, PL",0,0,1,0,0,1,0.0,HIGH_AMOUNT
3855,C058,5562.8,2025-10-01 15:39:27,"Warszawa, PL",0,0,1,0,0,1,0.0,HIGH_AMOUNT
7447,C058,2478.21,2025-10-05 08:10:17,"London, UK",0,0,1,1,0,0,0.0,GEO
2918,C058,17581.56,2025-10-05 14:45:58,"Kraków, PL",0,0,1,0,0,1,0.0,HIGH_AMOUNT
1731,C058,7978.2,2025-10-18 05:44:18,"Kraków, PL",0,0,1,0,0,1,0.0,HIGH_AMOUNT
3733,C058,2303.12,2025-10-24 12:09:15,"New York, US",0,0,1,1,0,0,0.0,GEO
2759,C058,5496.23,2025-10-30 03:48:24,"New York, US",0,0,1,0,0,1,0.0,HIGH_AMOUNT
9464,C058,8274.64,2025-10-30 08:45:55,"Kraków, PL",0,1,1,0,0,1,0.0,HIGH_AMOUNT
1861,C058,28215.16,2025-10-30 14:36:34,"Warszawa, PL",0,0,1,0,0,1,0.0,HIGH_AMOUNT
7730,C059,17265.78,2025-10-02 19:07:16,"New York, US",0,0,1,0,0,1,0.0,HIGH_AMOUNT
9388,C059,2744.48,2025-10-07 14:32:49,"London, UK",0,0,1,0,0,1,0.0,HIGH_AMOUNT
5228,C059,6709.64,2025-10-12 21:04:12,"New York, US",0,1,1,0,0,1,0.0,HIGH_AMOUNT
8186,C059,3485.53,2025-10-13 14:42:48,"Kraków, PL",0,0,1,0,0,1,0.0,HIGH_AMOUNT
7185,C059,3069.36,2025-10-18 17:01:15,"London, UK",0,0,1,1,0,1,0.0,"GEO, , HIGH_AMOUNT"
4645,C060,5601.5,2025-10-04 10:11:47,"Kraków, PL",0,0,1,0,0,1,0.0,HIGH_AMOUNT
8451,C060,8385.71,2025-10-06 04:24:02,"London, UK",0,0,1,0,0,1,0.0,HIGH_AMOUNT
8395,C060,4887.15,2025-10-07 03:13:01,"London, UK",0,0,1,1,0,1,0.0,"GEO, , HIGH_AMOUNT"
229,C060,2114.26,2025-10-09 08:45:49,"London, UK",0,0,1,1,0,0,0.0,GEO
9140,C060,4316.34,2025-10-11 23:43:43,"New York, US",0,0,1,0,0,1,0.0,HIGH_AMOUNT
123,C060,3692.88,2025-10-14 13:58:03,"Warszawa, PL",0,0,1,0,0,1,0.0,HIGH_AMOUNT
5396,C060,7933.05,2025-10-15 15:26:45,"New York, US",0,0,1,0,0,1,0.0,HIGH_AMOUNT
3799,C060,3360.22,2025-10-16 00:30:42,"Warszawa, PL",0,0,1,0,0,1,0.0,HIGH_AMOUNT
1658,C060,1784.31,2025-10-23 00:58:22,"London, UK",0,0,1,1,0,0,0.0,GEO
8992,C060,5059.94,2025-10-26 19:09:40,"London, UK",0,0,1,0,0,1,0.0,HIGH_AMOUNT
8485,C060,5216.12,2025-10-28 03:22:00,"Kraków, PL",0,0,1,0,0,1,0.0,HIGH_AMOUNT
4370,C061,3420.83,2025-10-10 04:40:14,"Warszawa, PL",0,0,1,0,0,1,0.0,HIGH_AMOUNT
7143,C061,2569.88,2025-10-10 06:51:00,"New York, US",0,0,1,1,0,0,0.0,GEO
1130,C061,5304.36,2025-10-11 08:41:47,"Kraków, PL",0,0,1,0,0,1,0.0,HIGH_AMOUNT
59,C061,1195.18,2025-10-14 09:27:13,"New York, US",0,0,1,1,0,0,0.0,GEO
1587,C061,9666.46,2025-10-19 04:40:03,"Warszawa, PL",0,0,1,0,0,1,0.0,HIGH_AMOUNT
9624,C061,18842.86,2025-10-20 02:08:12,"Warszawa, PL",0,0,1,0,0,1,0.0,HIGH_AMOUNT
9614,C061,10110.62,2025-10-23 01:55:07,"New York, US",0,0,1,0,0,1,0.0,HIGH_AMOUNT
7165,C061,4096.07,2025-10-23 23:16:30,"London, UK",0,0,1,0,0,1,0.0,HIGH_AMOUNT
1231,C061,3847.9,2025-10-27 08:15:46,"New York, US",0,0,1,1,0,1,0.0,"GEO, , HIGH_AMOUNT"
8434,C061,6146.69,2025-10-29 15:25:56,"London, UK",0,1,1,1,0,1,0.0,"GEO, , HIGH_AMOUNT"
8733,C062,1243.59,2025-10-02 17:26:47,"New York, US",0,0,1,1,0,0,0.0,GEO
2727,C062,5458.46,2025-10-15 07:18:55,"Warszawa, PL",0,0,1,0,0,1,0.0,HIGH_AMOUNT
3446,C062,1348.5,2025-10-15 20:41:55,"New York, US",0,0,1,1,0,0,0.0,GEO
5825,C062,3141.28,2025-10-17 03:20:33,"New York, US",0,0,1,0,0,1,0.0,HIGH_AMOUNT
9660,C062,2783.84,2025-10-17 14:55:32,"New York, US",0,0,1,0,0,1,0.0,HIGH_AMOUNT
2472,C062,1903.37,2025-10-21 11:47:15,"London, UK",0,0,1,1,0,0,0.0,GEO
5283,C062,3931.16,2025-10-21 16:47:08,"London, UK",0,0,1,1,0,1,0.0,"GEO, , HIGH_AMOUNT"
6025,C062,1100.87,2025-10-22 13:49:41,"London, UK",0,0,1,1,0,0,0.0,GEO
1881,C062,7216.36,2025-10-22 15:18:35,"New York, US",0,0,1,1,0,1,0.0,"GEO, , HIGH_AMOUNT"
65,C062,1717.58,2025-10-23 04:38:40,"New York, US",0,0,1,1,0,0,0.0,GEO
57,C062,3363.14,2025-10-27 19:02:00,"New York, US",0,0,1,1,0,1,0.0,"GEO, , HIGH_AMOUNT"
1626,C062,4429.21,2025-10-28 16:55:50,"Warszawa, PL",0,0,1,0,0,1,0.0,HIGH_AMOUNT
2954,C062,4158.52,2025-10-28 19:56:58,"New York, US",0,0,1,1,0,1,0.0,"GEO, , HIGH_AMOUNT"
7294,C063,4239.47,2025-10-03 03:57:19,"New York, US",0,0,1,1,0,1,0.0,"GEO, , HIGH_AMOUNT"
5439,C063,4702.12,2025-10-11 07:48:41,"New York, US",0,0,1,0,0,1,0.0,HIGH_AMOUNT
8891,C063,32313.0,2025-10-14 06:46:25,"London, UK",0,0,1,0,0,1,0.0,HIGH_AMOUNT
7281,C063,20418.42,2025-10-19 00:18:00,"Kraków, PL",0,0,1,0,0,1,0.0,HIGH_AMOUNT
915,C063,8563.72,2025-10-19 18:01:00,"Warszawa, PL",0,0,1,0,0,1,0.0,HIGH_AMOUNT
2780,C063,2518.79,2025-10-29 19:39:06,"New York, US",0,0,1,1,0,0,0.0,GEO
805,C063,1386.41,2025-10-30 17:34:14,"London, UK",0,0,1,1,0,0,0.0,GEO
3647,C064,4962.24,2025-10-02 01:19:00,"London, UK",0,0,1,0,0,1,0.0,HIGH_AMOUNT
2877,C064,13572.16,2025-10-10 03:55:23,"Warszawa, PL",0,0,1,0,0,1,0.0,HIGH_AMOUNT
8063,C064,42497.88,2025-10-10 04:06:50,"London, UK",0,0,1,1,0,1,0.0,"GEO, , HIGH_AMOUNT"
2147,C064,6495.11,2025-10-11 02:40:32,"Kraków, PL",0,0,1,0,0,1,0.0,HIGH_AMOUNT
6146,C064,1595.34,2025-10-13 09:11:51,"London, UK",0,0,1,1,0,0,1.0,GEO
7680,C064,1035.38,2025-10-13 18:02:14,"New York, US",0,1,1,1,0,0,0.0,GEO
7371,C065,14652.88,2025-10-01 16:14:39,"London, UK",0,0,1,0,0,1,0.0,HIGH_AMOUNT
5459,C065,12205.22,2025-10-03 15:30:34,"London, UK",0,0,1,0,0,1,0.0,HIGH_AMOUNT
8126,C065,2152.33,2025-10-03 23:22:00,"New York, US",0,0,1,1,0,0,0.0,GEO
3944,C065,8065.1,2025-10-05 11:01:34,"Kraków, PL",0,0,1,0,0,1,0.0,HIGH_AMOUNT
4505,C065,11722.57,2025-10-08 21:25:40,"London, UK",0,0,1,0,0,1,0.0,HIGH_AMOUNT
4247,C065,8460.18,2025-10-18 06:03:52,"Warszawa, PL",0,0,1,0,0,1,0.0,HIGH_AMOUNT
6557,C065,4674.14,2025-10-21 02:13:39,"Kraków, PL",0,1,1,0,0,1,0.0,HIGH_AMOUNT
8419,C065,7130.23,2025-10-24 19:45:58,"Kraków, PL",0,0,1,0,0,1,0.0,HIGH_AMOUNT
7155,C065,1528.49,2025-10-26 17:13:29,"London, UK",0,0,1,1,0,0,0.0,GEO
9457,C065,3640.66,2025-10-29 03:39:08,"London, UK",0,0,1,1,0,1,0.0,"GEO, , HIGH_AMOUNT"
941,C066,4377.09,2025-10-02 05:00:00,"London, UK",0,0,1,0,0,1,0.0,HIGH_AMOUNT
9595,C066,7127.7,2025-10-08 21:00:01,"New York, US",0,0,1,0,0,1,0.0,HIGH_AMOUNT
7956,C066,6529.33,2025-10-18 06:22:36,"New York, US",0,0,1,0,0,1,0.0,HIGH_AMOUNT
3133,C066,102699.11,2025-10-19 12:31:19,"New York, US",0,1,1,0,0,1,0.0,HIGH_AMOUNT
4497,C066,4543.92,2025-10-23 00:14:33,"New York, US",0,0,1,0,0,1,0.0,HIGH_AMOUNT
9023,C066,11953.01,2025-10-25 21:25:45,"Kraków, PL",0,0,1,0,0,1,0.0,HIGH_AMOUNT
1610,C066,3465.81,2025-10-25 22:16:28,"Warszawa, PL",0,0,1,0,0,1,0.0,HIGH_AMOUNT
5611,C067,12347.98,2025-10-04 18:15:22,"London, UK",0,0,1,1,0,1,0.0,"GEO, , HIGH_AMOUNT"
7060,C067,1500.5,2025-10-06 00:19:50,"London, UK",0,0,1,1,0,0,0.0,GEO
1583,C067,3991.97,2025-10-08 12:52:08,"London, UK",0,0,1,1,0,1,0.0,"GEO, , HIGH_AMOUNT"
6711,C067,7569.12,2025-10-08 15:24:35,"London, UK",0,0,1,0,0,1,0.0,HIGH_AMOUNT
9358,C067,6739.14,2025-10-13 12:59:55,"New York, US",0,0,1,0,0,1,0.0,HIGH_AMOUNT
4558,C067,7286.95,2025-10-15 07:16:53,"Kraków, PL",0,0,1,0,0,1,0.0,HIGH_AMOUNT
8182,C067,11451.27,2025-10-19 12:28:05,"Warszawa, PL",0,0,1,0,0,1,0.0,HIGH_AMOUNT
6487,C067,6207.41,2025-10-26 16:08:12,"London, UK",0,0,1,0,0,1,0.0,HIGH_AMOUNT
6430,C068,4608.83,2025-10-01 13:15:04,"Warszawa, PL",0,0,1,0,0,1,0.0,HIGH_AMOUNT
6691,C068,3641.85,2025-10-03 15:44:28,"Kraków, PL",0,0,1,0,0,1,0.0,HIGH_AMOUNT
4215,C068,1283.85,2025-10-07 17:53:50,"New York, US",0,0,1,1,0,0,0.0,GEO
7301,C068,2676.54,2025-10-08 10:58:28,"London, UK",0,0,1,1,0,1,0.0,"GEO, , HIGH_AMOUNT"
1069,C068,3606.59,2025-10-11 23:11:34,"Kraków, PL",0,0,1,0,0,1,0.0,HIGH_AMOUNT
2553,C068,3627.43,2025-10-13 07:58:11,"London, UK",0,1,1,0,0,1,0.0,HIGH_AMOUNT
5515,C068,1443.6,2025-10-13 19:19:47,"New York, US",0,0,1,1,0,0,0.0,GEO
6871,C068,4384.32,2025-10-14 17:06:53,"New York, US",0,0,1,0,0,1,0.0,HIGH_AMOUNT
7049,C068,2708.3,2025-10-18 13:47:57,"London, UK",0,0,1,0,0,1,0.0,HIGH_AMOUNT
3971,C068,2838.27,2025-10-18 17:31:08,"New York, US",0,0,1,0,0,1,0.0,HIGH_AMOUNT
7304,C068,5579.92,2025-10-19 01:08:31,"London, UK",0,0,1,0,0,1,0.0,HIGH_AMOUNT
5820,C068,2125.57,2025-10-23 01:33:44,"New York, US",0,0,1,1,0,0,0.0,GEO
901,C068,4242.15,2025-10-25 01:53:48,"New York, US",0,0,1,1,0,1,0.0,"GEO, , HIGH_AMOUNT"
1454,C068,1199.61,2025-10-26 23:26:11,"London, UK",0,0,1,1,0,0,0.0,GEO
5011,C068,2728.49,2025-10-30 14:10:35,"New York, US",0,0,1,1,0,1,0.0,"GEO, , HIGH_AMOUNT"
2556,C069,21849.13,2025-10-08 15:20:34,"Warszawa, PL",0,0,1,0,0,1,0.0,HIGH_AMOUNT
9280,C069,4974.22,2025-10-10 11:03:08,"Warszawa, PL",0,0,1,0,0,1,0.0,HIGH_AMOUNT
5469,C069,6748.6,2025-10-10 17:25:51,"Warszawa, PL",0,0,1,0,0,1,0.0,HIGH_AMOUNT
5630,C069,21775.83,2025-10-12 14:47:48,"London, UK",0,0,1,1,0,1,0.0,"GEO, , HIGH_AMOUNT"
1399,C069,2092.28,2025-10-12 19:28:02,"London, UK",0,0,1,1,0,0,0.0,GEO
7546,C069,10337.46,2025-10-13 19:48:58,"Warszawa, PL",0,0,1,0,0,1,0.0,HIGH_AMOUNT
3501,C069,6455.38,2025-10-15 19:24:39,"London, UK",0,0,1,0,0,1,0.0,HIGH_AMOUNT
1117,C069,8284.97,2025-10-28 23:12:39,"New York, US",0,1,1,0,0,1,0.0,HIGH_AMOUNT
8942,C070,5369.69,2025-10-03 01:48:43,"New York, US",0,0,1,1,0,1,0.0,"GEO, , HIGH_AMOUNT"
9088,C070,2587.03,2025-10-03 03:23:38,"New York, US",0,0,1,1,0,0,0.0,GEO
293,C070,4589.67,2025-10-05 13:57:30,"New York, US",0,0,1,0,0,1,0.0,HIGH_AMOUNT
2424,C070,5087.54,2025-10-08 17:42:58,"London, UK",0,0,1,0,0,1,0.0,HIGH_AMOUNT
2306,C070,4070.79,2025-10-13 14:16:57,"New York, US",0,0,1,0,0,1,0.0,HIGH_AMOUNT
9384,C070,4714.79,2025-10-14 03:38:23,"Warszawa, PL",0,0,1,0,0,1,0.0,HIGH_AMOUNT
1844,C070,3685.25,2025-10-19 02:40:00,"Warszawa, PL",0,0,1,0,0,1,0.0,HIGH_AMOUNT
4700,C070,4322.94,2025-10-23 20:21:25,"Kraków, PL",0,0,1,0,0,1,0.0,HIGH_AMOUNT
2095,C070,1291.78,2025-10-29 05:12:28,"New York, US",0,0,1,1,0,0,0.0,GEO
2573,C070,2820.33,2025-10-29 06:37:26,"London, UK",0,0,1,1,0,1,0.0,"GEO, , HIGH_AMOUNT"
5463,C070,1062.93,2025-10-30 04:10:44,"London, UK",0,0,1,1,0,0,0.0,GEO
4602,C070,1180.91,2025-10-30 07:43:11,"New York, US",0,0,1,1,0,0,0.0,GEO
3570,C071,11560.66,2025-10-04 01:02:19,"New York, US",0,0,1,1,0,1,0.0,"GEO, , HIGH_AMOUNT"
1082,C071,1512.05,2025-10-07 10:22:54,"New York, US",0,0,1,1,0,0,0.0,GEO
5981,C071,1172.35,2025-10-09 07:47:22,"London, UK",0,0,1,1,0,0,0.0,GEO
6425,C071,27582.46,2025-10-13 05:37:47,"Warszawa, PL",0,0,1,0,0,1,0.0,HIGH_AMOUNT
2176,C071,8893.34,2025-10-13 06:01:06,"London, UK",0,0,1,1,0,1,0.0,"GEO, , HIGH_AMOUNT"
1766,C071,2515.44,2025-10-23 04:02:45,"New York, US",0,0,1,1,0,0,0.0,GEO
739,C071,8495.27,2025-10-24 01:33:20,"Kraków, PL",0,0,1,0,0,1,0.0,HIGH_AMOUNT
2344,C072,8470.57,2025-10-06 04:14:49,"London, UK",0,1,1,0,0,1,0.0,HIGH_AMOUNT
1072,C072,7180.13,2025-10-06 14:36:01,"New York, US",0,1,1,0,0,1,0.0,HIGH_AMOUNT
2940,C072,1315.32,2025-10-12 22:02:07,"London, UK",0,0,1,1,0,0,0.0,GEO
5575,C072,3671.79,2025-10-23 03:05:47,"Warszawa, PL",0,0,1,0,0,1,0.0,HIGH_AMOUNT
9654,C072,16105.18,2025-10-23 21:58:49,"Warszawa, PL",0,0,1,0,0,1,0.0,HIGH_AMOUNT
6495,C072,1792.41,2025-10-25 08:23:28,"New York, US",0,0,1,1,0,0,0.0,GEO
2839,C072,14028.07,2025-10-25 16:18:27,"Kraków, PL",0,0,1,0,0,1,0.0,HIGH_AMOUNT
102,C072,2930.65,2025-10-28 16:45:41,"New York, US",0,0,1,0,0,1,0.0,HIGH_AMOUNT
4989,C072,1398.81,2025-10-28 17:35:48,"London, UK",0,0,1,1,0,0,0.0,GEO
7251,C072,2860.81,2025-10-29 14:17:44,"New York, US",0,0,1,1,0,1,0.0,"GEO, , HIGH_AMOUNT"
2133,C073,7818.57,2025-10-07 19:50:57,"London, UK",0,0,1,1,0,1,0.0,"GEO, , HIGH_AMOUNT"
2830,C073,6735.53,2025-10-10 12:24:49,"Kraków, PL",0,0,1,0,0,1,0.0,HIGH_AMOUNT
6899,C073,1087.21,2025-10-10 16:04:08,"New York, US",0,0,1,1,0,0,0.0,GEO
7821,C073,5489.09,2025-10-11 22:53:19,"New York, US",0,0,1,0,0,1,0.0,HIGH_AMOUNT
221,C073,9603.11,2025-10-15 03:36:39,"Warszawa, PL",0,0,1,0,0,1,0.0,HIGH_AMOUNT
5666,C073,6819.31,2025-10-16 00:27:24,"New York, US",0,0,1,1,0,1,0.0,"GEO, , HIGH_AMOUNT"
5390,C073,6259.31,2025-10-21 10:40:46,"Kraków, PL",0,0,1,0,0,1,0.0,HIGH_AMOUNT
2112,C073,3034.27,2025-10-22 03:51:57,"London, UK",0,0,1,1,0,0,0.0,GEO
807,C073,16952.75,2025-10-22 10:43:11,"New York, US",0,0,1,1,0,1,0.0,"GEO, , HIGH_AMOUNT"
4765,C073,3737.89,2025-10-25 21:13:24,"New York, US",0,1,1,1,0,0,0.0,GEO
2490,C073,8943.94,2025-10-26 11:21:00,"Kraków, PL",0,1,1,0,0,1,0.0,HIGH_AMOUNT
6746,C073,5374.66,2025-10-29 09:12:14,"London, UK",0,0,1,0,0,1,0.0,HIGH_AMOUNT
1833,C074,1387.51,2025-10-02 13:30:55,"London, UK",0,0,1,1,0,0,0.0,GEO
5153,C074,7242.92,2025-10-07 03:00:30,"Warszawa, PL",0,0,1,0,0,1,0.0,HIGH_AMOUNT
891,C074,6786.74,2025-10-07 09:00:35,"Kraków, PL",0,0,1,0,0,1,0.0,HIGH_AMOUNT
7492,C074,6577.65,2025-10-07 21:25:11,"Kraków, PL",0,0,1,0,0,1,0.0,HIGH_AMOUNT
8360,C074,1689.07,2025-10-08 01:05:30,"London, UK",0,0,1,1,0,0,0.0,GEO
1393,C074,4643.44,2025-10-09 18:46:25,"London, UK",0,0,1,0,0,1,0.0,HIGH_AMOUNT
5654,C074,15011.54,2025-10-10 15:27:00,"Warszawa, PL",0,0,1,0,0,1,0.0,HIGH_AMOUNT
4600,C074,5319.93,2025-10-10 15:30:01,"Kraków, PL",0,0,1,0,0,1,0.0,HIGH_AMOUNT
8724,C074,4205.49,2025-10-11 17:08:45,"New York, US",0,0,1,0,0,1,0.0,HIGH_AMOUNT
1515,C074,4920.49,2025-10-13 07:15:30,"New York, US",0,1,1,0,0,1,0.0,HIGH_AMOUNT
3967,C074,1622.9,2025-10-14 09:27:36,"London, UK",0,0,1,1,0,0,0.0,GEO
8876,C074,7147.53,2025-10-15 01:47:52,"New York, US",0,0,1,0,0,1,0.0,HIGH_AMOUNT
9133,C074,8849.44,2025-10-22 13:28:10,"Warszawa, PL",0,0,1,0,0,1,0.0,HIGH_AMOUNT
6366,C075,8369.78,2025-10-01 02:43:45,"Kraków, PL",0,1,1,0,0,1,0.0,HIGH_AMOUNT
5539,C075,3470.04,2025-10-01 16:13:19,"London, UK",0,0,1,1,0,0,0.0,GEO
464,C075,5338.12,2025-10-03 07:07:54,"Warszawa, PL",0,0,1,0,0,1,0.0,HIGH_AMOUNT
5704,C075,7240.66,2025-10-08 23:58:40,"Kraków, PL",0,0,1,0,0,1,0.0,HIGH_AMOUNT
5285,C075,3527.82,2025-10-13 08:56:38,"New York, US",0,0,1,1,0,0,0.0,GEO
8539,C075,7616.41,2025-10-17 17:42:23,"Kraków, PL",0,0,1,0,0,1,0.0,HIGH_AMOUNT
7526,C075,6630.35,2025-10-19 07:32:21,"London, UK",0,0,1,0,0,1,0.0,HIGH_AMOUNT
182,C075,5159.05,2025-10-21 15:42:39,"London, UK",0,0,1,0,0,1,0.0,HIGH_AMOUNT
5097,C075,19769.32,2025-10-27 19:29:27,"London, UK",0,0,1,0,0,1,0.0,HIGH_AMOUNT
1804,C076,1640.36,2025-10-03 05:09:00,"London, UK",0,0,1,1,0,0,0.0,GEO
9371,C076,3471.03,2025-10-03 20:54:43,"London, UK",0,0,1,1,0,0,0.0,GEO
8314,C076,6941.42,2025-10-05 13:33:56,"Kraków, PL",0,0,1,0,0,1,0.0,HIGH_AMOUNT
5970,C076,8346.93,2025-10-06 06:45:08,"New York, US",0,0,1,0,0,1,0.0,HIGH_AMOUNT
7065,C076,3056.39,2025-10-09 18:37:43,"New York, US",0,0,1,1,0,0,0.0,GEO
69,C076,1034.69,2025-10-17 10:30:43,"London, UK",0,0,1,1,0,0,0.0,GEO
5115,C076,7633.36,2025-10-17 22:40:21,"London, UK",0,0,1,0,0,1,0.0,HIGH_AMOUNT
9995,C076,9557.16,2025-10-21 13:36:04,"Warszawa, PL",0,0,1,0,0,1,0.0,HIGH_AMOUNT
5287,C076,7162.85,2025-10-21 16:35:40,"Warszawa, PL",0,0,1,0,0,1,0.0,HIGH_AMOUNT
2622,C076,21307.66,2025-10-25 17:48:43,"Kraków, PL",0,0,1,0,0,1,0.0,HIGH_AMOUNT
498,C077,3536.14,2025-10-16 01:26:41,"London, UK",0,0,1,0,0,1,0.0,HIGH_AMOUNT
3683,C077,8699.44,2025-10-18 09:13:15,"London, UK",0,0,1,0,0,1,0.0,HIGH_AMOUNT
451,C077,13749.83,2025-10-18 22:08:19,"Kraków, PL",0,0,1,0,0,1,0.0,HIGH_AMOUNT
4730,C077,3757.98,2025-10-23 11:00:46,"Warszawa, PL",0,0,1,0,0,1,0.0,HIGH_AMOUNT
4219,C077,3179.37,2025-10-24 02:36:36,"New York, US",0,0,1,1,0,1,0.0,"GEO, , HIGH_AMOUNT"
1177,C077,4363.52,2025-10-25 06:12:37,"London, UK",0,0,1,0,0,1,0.0,HIGH_AMOUNT
6860,C077,6092.92,2025-10-29 02:35:44,"London, UK",0,1,1,0,0,1,0.0,HIGH_AMOUNT
1027,C077,3529.53,2025-10-30 19:17:00,"New York, US",0,0,1,0,0,1,0.0,HIGH_AMOUNT
4085,C078,5241.07,2025-10-04 08:11:54,"London, UK",0,0,1,1,0,1,0.0,"GEO, , HIGH_AMOUNT"
9117,C078,7063.13,2025-10-11 01:09:15,"Kraków, PL",0,0,1,0,0,1,0.0,HIGH_AMOUNT
8423,C078,7111.22,2025-10-17 23:24:22,"Warszawa, PL",0,0,1,0,0,1,0.0,HIGH_AMOUNT
4657,C078,5591.23,2025-10-18 05:30:27,"Warszawa, PL",0,1,1,0,0,1,0.0,HIGH_AMOUNT
5797,C078,5931.09,2025-10-23 10:45:49,"London, UK",0,0,1,0,0,1,0.0,HIGH_AMOUNT
1936,C078,7789.27,2025-10-25 08:56:37,"Kraków, PL",0,0,1,0,0,1,0.0,HIGH_AMOUNT
1433,C078,3157.56,2025-10-25 14:26:04,"London, UK",0,0,1,1,0,0,0.0,GEO
974,C078,7274.39,2025-10-26 05:14:29,"Warszawa, PL",0,0,1,0,0,1,0.0,HIGH_AMOUNT
7426,C078,1217.33,2025-10-28 10:24:14,"London, UK",0,0,1,1,0,0,0.0,GEO
7379,C079,15140.0,2025-10-03 16:14:46,"Kraków, PL",0,0,1,0,0,1,0.0,HIGH_AMOUNT
318,C079,22897.19,2025-10-09 09:02:57,"Warszawa, PL",0,0,1,0,0,1,0.0,HIGH_AMOUNT
5245,C079,1036.03,2025-10-11 08:06:08,"New York, US",0,0,1,1,0,0,0.0,GEO
2977,C079,7931.1,2025-10-21 13:33:19,"London, UK",0,0,1,0,0,1,0.0,HIGH_AMOUNT
7819,C079,8953.93,2025-10-24 20:15:01,"London, UK",0,0,1,1,0,1,0.0,"GEO, , HIGH_AMOUNT"
4651,C079,3467.0,2025-10-26 22:22:43,"London, UK",0,0,1,1,0,0,0.0,GEO
1862,C079,5082.04,2025-10-30 19:55:39,"London, UK",0,0,1,0,0,1,0.0,HIGH_AMOUNT
8557,C080,6633.08,2025-10-08 11:30:23,"Warszawa, PL",0,0,1,0,0,1,0.0,HIGH_AMOUNT
9396,C080,1865.58,2025-10-08 12:09:00,"London, UK",0,0,1,1,0,0,0.0,GEO
3090,C080,9353.73,2025-10-08 19:01:44,"Warszawa, PL",0,0,1,0,0,1,0.0,HIGH_AMOUNT
5846,C080,4728.76,2025-10-08 21:22:30,"London, UK",0,0,1,1,0,1,0.0,"GEO, , HIGH_AMOUNT"
352,C080,3350.12,2025-10-09 14:45:12,"Kraków, PL",0,0,1,0,0,1,0.0,HIGH_AMOUNT
536,C080,3206.27,2025-10-11 20:21:08,"Kraków, PL",0,0,1,0,0,1,0.0,HIGH_AMOUNT
4721,C080,5610.49,2025-10-17 01:31:26,"London, UK",0,0,1,0,0,1,0.0,HIGH_AMOUNT
9879,C080,3026.06,2025-10-19 18:20:49,"New York, US",0,0,1,0,0,1,0.0,HIGH_AMOUNT
2948,C081,10242.03,2025-10-01 20:12:41,"New York, US",0,0,1,1,0,1,0.0,"GEO, , HIGH_AMOUNT"
151,C081,3459.27,2025-10-02 01:45:04,"Kraków, PL",0,0,1,0,0,1,0.0,HIGH_AMOUNT
3965,C081,1819.12,2025-10-03 22:02:04,"New York, US",0,0,1,1,0,0,0.0,GEO
3970,C081,10532.83,2025-10-05 07:10:51,"Kraków, PL",0,0,1,0,0,1,0.0,HIGH_AMOUNT
3851,C081,2102.5,2025-10-05 11:55:35,"New York, US",0,0,1,1,0,0,0.0,GEO
1684,C081,8199.35,2025-10-09 05:09:09,"Kraków, PL",0,0,1,0,0,1,0.0,HIGH_AMOUNT
5409,C081,1865.65,2025-10-11 11:58:04,"London, UK",0,0,1,1,0,0,0.0,GEO
2316,C081,1420.64,2025-10-13 00:51:28,"London, UK",0,0,1,1,0,0,0.0,GEO
1122,C081,2151.1,2025-10-15 04:21:18,"New York, US",0,0,1,1,0,0,0.0,GEO
5698,C081,7700.2,2025-10-15 08:40:57,"London, UK",0,0,1,0,0,1,0.0,HIGH_AMOUNT
1232,C081,16407.61,2025-10-26 12:46:53,"New York, US",0,0,1,1,0,1,0.0,"GEO, , HIGH_AMOUNT"
176,C081,6196.06,2025-10-26 18:34:41,"New York, US",0,0,1,1,0,1,0.0,"GEO, , HIGH_AMOUNT"
7220,C082,6954.07,2025-10-04 13:34:23,"Warszawa, PL",0,0,1,0,0,1,0.0,HIGH_AMOUNT
4615,C082,1933.24,2025-10-05 09:17:04,"New York, US",0,0,1,1,0,0,0.0,GEO
4006,C082,4728.36,2025-10-06 13:35:43,"Warszawa, PL",0,0,1,0,0,1,0.0,HIGH_AMOUNT
2442,C082,2261.43,2025-10-07 01:55:28,"New York, US",0,0,1,1,0,0,0.0,GEO
854,C082,3910.57,2025-10-08 11:00:01,"London, UK",0,1,1,0,0,1,0.0,HIGH_AMOUNT
9857,C082,5019.38,2025-10-11 08:28:21,"Kraków, PL",0,0,1,0,0,1,0.0,HIGH_AMOUNT
3458,C082,4951.31,2025-10-13 11:20:43,"Kraków, PL",0,0,1,0,0,1,0.0,HIGH_AMOUNT
3881,C082,4576.31,2025-10-13 14:08:29,"Warszawa, PL",0,0,1,0,0,1,0.0,HIGH_AMOUNT
3986,C082,3713.09,2025-10-14 00:01:00,"London, UK",0,0,1,1,0,1,0.0,"GEO, , HIGH_AMOUNT"
1163,C082,6464.17,2025-10-14 02:05:04,"New York, US",0,0,1,1,0,1,0.0,"GEO, , HIGH_AMOUNT"
8967,C082,8877.0,2025-10-16 13:21:36,"Kraków, PL",0,0,1,0,0,1,0.0,HIGH_AMOUNT
1523,C082,8093.5,2025-10-16 20:54:49,"Warszawa, PL",0,0,1,0,0,1,0.0,HIGH_AMOUNT
676,C082,1051.09,2025-10-18 03:32:54,"New York, US",0,1,1,1,0,0,0.0,GEO
5058,C082,7213.79,2025-10-18 13:10:00,"New York, US",0,0,1,1,0,1,0.0,"GEO, , HIGH_AMOUNT"
3158,C082,2631.71,2025-10-19 07:33:33,"New York, US",0,0,1,1,0,0,0.0,GEO
770,C082,7617.29,2025-10-26 01:51:09,"Warszawa, PL",0,0,1,0,0,1,0.0,HIGH_AMOUNT
3404,C083,5766.04,2025-10-02 06:13:49,"New York, US",0,0,1,0,0,1,0.0,HIGH_AMOUNT
6527,C083,6803.8,2025-10-02 16:24:37,"London, UK",0,0,1,0,0,1,0.0,HIGH_AMOUNT
3360,C083,7118.77,2025-10-06 12:07:43,"Kraków, PL",0,0,1,0,0,1,0.0,HIGH_AMOUNT
4442,C083,2059.0,2025-10-06 13:06:51,"New York, US",0,0,1,1,0,0,0.0,GEO
575,C083,5787.32,2025-10-07 03:59:02,"London, UK",0,0,1,0,0,1,0.0,HIGH_AMOUNT
9422,C083,10744.89,2025-10-11 07:41:53,"Kraków, PL",0,0,1,0,0,1,0.0,HIGH_AMOUNT
7077,C083,5623.87,2025-10-15 13:12:19,"New York, US",0,0,1,0,0,1,0.0,HIGH_AMOUNT
3542,C083,9802.07,2025-10-25 13:24:26,"New York, US",0,0,1,0,0,1,0.0,HIGH_AMOUNT
7173,C083,39130.52,2025-10-28 14:26:47,"Warszawa, PL",0,0,1,0,0,1,0.0,HIGH_AMOUNT
9331,C084,7314.02,2025-10-11 02:09:39,"Warszawa, PL",0,0,1,0,0,1,0.0,HIGH_AMOUNT
9070,C084,2058.41,2025-10-13 20:32:00,"Warszawa, PL",0,0,1,0,0,1,0.0,HIGH_AMOUNT
9531,C084,3759.61,2025-10-14 14:45:29,"London, UK",0,0,1,0,0,1,0.0,HIGH_AMOUNT
7751,C084,2043.73,2025-10-17 04:02:26,"Warszawa, PL",0,1,1,0,0,1,0.0,HIGH_AMOUNT
4713,C084,2995.13,2025-10-18 21:25:17,"London, UK",0,1,1,0,0,1,0.0,HIGH_AMOUNT
4221,C084,5016.09,2025-10-19 17:47:38,"New York, US",0,0,1,1,0,1,0.0,"GEO, , HIGH_AMOUNT"
7007,C084,4618.01,2025-10-23 17:30:00,"New York, US",0,0,1,0,0,1,0.0,HIGH_AMOUNT
9865,C085,4145.82,2025-10-03 05:57:42,"New York, US",0,0,1,0,0,1,0.0,HIGH_AMOUNT
6165,C085,18265.34,2025-10-06 23:02:27,"New York, US",0,0,1,0,0,1,0.0,HIGH_AMOUNT
2994,C085,1260.49,2025-10-13 14:10:37,"London, UK",0,0,1,1,0,0,0.0,GEO
3952,C085,8975.33,2025-10-23 08:59:46,"New York, US",0,0,1,0,0,1,0.0,HIGH_AMOUNT
6584,C085,1109.11,2025-10-28 18:20:05,"New York, US",0,0,1,1,0,0,0.0,GEO
1807,C085,15686.41,2025-10-29 09:46:15,"Kraków, PL",0,0,1,0,0,1,0.0,HIGH_AMOUNT
169,C085,5687.54,2025-10-29 22:57:09,"Warszawa, PL",0,0,1,0,0,1,0.0,HIGH_AMOUNT
6521,C086,4241.96,2025-10-02 02:16:23,"Kraków, PL",0,0,1,0,0,1,0.0,HIGH_AMOUNT
1878,C086,1374.52,2025-10-04 07:16:43,"London, UK",0,0,1,1,0,0,0.0,GEO
1049,C086,1732.52,2025-10-08 17:14:24,"New York, US",0,1,1,1,0,0,0.0,GEO
165,C086,29979.32,2025-10-19 16:47:10,"Warszawa, PL",0,0,1,0,0,1,0.0,HIGH_AMOUNT
2692,C086,4917.22,2025-10-20 17:12:18,"Warszawa, PL",0,0,1,0,0,1,0.0,HIGH_AMOUNT
9784,C086,7239.19,2025-10-23 15:45:49,"Warszawa, PL",0,0,1,0,0,1,0.0,HIGH_AMOUNT
2985,C086,4289.81,2025-10-24 00:10:04,"Warszawa, PL",0,0,1,0,0,1,0.0,HIGH_AMOUNT
9160,C086,3684.65,2025-10-25 14:32:47,"New York, US",0,0,1,1,0,0,0.0,GEO
1632,C086,4276.81,2025-10-25 16:47:40,"Kraków, PL",0,0,1,0,0,1,0.0,HIGH_AMOUNT
7965,C086,7858.13,2025-10-27 09:14:33,"Kraków, PL",0,0,1,0,0,1,0.0,HIGH_AMOUNT
5113,C086,6564.4,2025-10-28 14:53:55,"Warszawa, PL",0,0,1,0,0,1,0.0,HIGH_AMOUNT
2757,C086,2948.71,2025-10-29 06:10:04,"London, UK",0,0,1,1,0,0,0.0,GEO
2794,C086,6026.13,2025-10-29 12:48:28,"Warszawa, PL",0,0,1,0,0,1,0.0,HIGH_AMOUNT
2037,C087,5474.89,2025-10-01 14:52:26,"New York, US",0,0,1,0,0,1,0.0,HIGH_AMOUNT
2171,C087,1956.5,2025-10-05 14:02:44,"London, UK",0,0,1,1,0,0,0.0,GEO
9703,C087,3509.6,2025-10-06 22:20:06,"Warszawa, PL",0,0,1,0,0,1,0.0,HIGH_AMOUNT
9604,C087,1252.6,2025-10-09 19:23:08,"New York, US",0,0,1,1,0,0,0.0,GEO
3879,C087,2119.6,2025-10-10 18:55:24,"London, UK",0,0,1,1,0,0,0.0,GEO
1316,C087,4483.15,2025-10-14 07:19:07,"New York, US",0,0,1,0,0,1,0.0,HIGH_AMOUNT
2130,C087,8366.69,2025-10-18 20:48:28,"Kraków, PL",0,0,1,0,0,1,0.0,HIGH_AMOUNT
3111,C087,1072.01,2025-10-18 21:07:17,"London, UK",0,1,1,1,0,0,0.0,GEO
1192,C087,1371.66,2025-10-20 17:11:22,"New York, US",0,0,1,1,0,0,0.0,GEO
2341,C087,3449.08,2025-10-23 17:55:17,"New York, US",0,0,1,0,0,1,0.0,HIGH_AMOUNT
2030,C088,12868.09,2025-10-01 05:19:30,"Warszawa, PL",0,0,1,0,0,1,0.0,HIGH_AMOUNT
5434,C088,6025.7,2025-10-01 15:10:32,"London, UK",0,0,1,1,0,1,0.0,"GEO, , HIGH_AMOUNT"
8830,C088,6483.69,2025-10-05 03:44:03,"Warszawa, PL",0,0,1,0,0,1,0.0,HIGH_AMOUNT
8018,C088,22577.25,2025-10-06 11:07:31,"London, UK",0,0,1,0,0,1,0.0,HIGH_AMOUNT
4794,C088,1571.6,2025-10-14 14:15:33,"London, UK",0,0,1,1,0,0,0.0,GEO
6043,C088,12864.25,2025-10-17 09:04:11,"Kraków, PL",0,0,1,0,0,1,0.0,HIGH_AMOUNT
5450,C088,2450.69,2025-10-18 11:41:24,"London, UK",0,0,1,1,0,0,0.0,GEO
2362,C088,2061.95,2025-10-18 12:01:48,"London, UK",0,0,1,1,0,0,0.0,GEO
7883,C088,11701.12,2025-10-27 00:35:26,"London, UK",0,0,1,0,0,1,0.0,HIGH_AMOUNT
3052,C089,7218.17,2025-10-02 20:22:13,"Warszawa, PL",0,1,1,0,0,1,0.0,HIGH_AMOUNT
1940,C089,3841.77,2025-10-03 11:32:45,"New York, US",0,0,1,1,0,1,0.0,"GEO, , HIGH_AMOUNT"
4427,C089,1270.98,2025-10-03 20:04:46,"London, UK",0,0,1,1,0,0,0.0,GEO
78,C089,6691.17,2025-10-04 17:40:00,"Kraków, PL",0,0,1,0,0,1,0.0,HIGH_AMOUNT
5505,C089,1603.93,2025-10-05 00:03:18,"London, UK",0,0,1,1,0,0,0.0,GEO
1046,C089,5947.05,2025-10-06 08:41:57,"Warszawa, PL",0,1,1,0,0,1,0.0,HIGH_AMOUNT
3217,C089,7997.55,2025-10-08 17:18:09,"Kraków, PL",0,0,1,0,0,1,0.0,HIGH_AMOUNT
3218,C089,4786.79,2025-10-12 11:17:16,"New York, US",0,0,1,0,0,1,0.0,HIGH_AMOUNT
3994,C089,6801.44,2025-10-12 22:31:14,"Warszawa, PL",0,0,1,0,0,1,0.0,HIGH_AMOUNT
4500,C089,15669.8,2025-10-13 17:27:38,"Kraków, PL",0,0,1,0,0,1,0.0,HIGH_AMOUNT
2258,C089,6463.89,2025-10-13 17:49:04,"London, UK",0,0,1,1,0,1,0.0,"GEO, , HIGH_AMOUNT"
1773,C089,4584.37,2025-10-25 15:57:31,"New York, US",0,0,1,0,0,1,0.0,HIGH_AMOUNT
6523,C089,4612.83,2025-10-27 12:35:34,"London, UK",0,0,1,1,0,1,0.0,"GEO, , HIGH_AMOUNT"
5592,C090,11759.78,2025-10-02 01:13:31,"New York, US",0,0,1,1,0,1,0.0,"GEO, , HIGH_AMOUNT"
9929,C090,3632.59,2025-10-03 11:56:00,"London, UK",0,0,1,0,0,1,0.0,HIGH_AMOUNT
6882,C090,3119.89,2025-10-07 04:29:27,"London, UK",0,0,1,0,0,1,0.0,HIGH_AMOUNT
1132,C090,4386.2,2025-10-09 22:15:52,"New York, US",0,0,1,0,0,1,0.0,HIGH_AMOUNT
1829,C090,1699.72,2025-10-11 05:01:36,"New York, US",0,0,1,1,0,0,0.0,GEO
6513,C090,5535.13,2025-10-13 03:32:38,"New York, US",0,0,1,1,0,1,1.0,"GEO, , HIGH_AMOUNT"
6458,C090,2594.69,2025-10-13 04:29:06,"London, UK",0,0,1,1,0,0,0.0,GEO
7790,C090,3537.93,2025-10-19 20:49:02,"Kraków, PL",0,0,1,0,0,1,0.0,HIGH_AMOUNT
1997,C090,2949.34,2025-10-20 07:09:17,"Warszawa, PL",0,0,1,0,0,1,0.0,HIGH_AMOUNT
342,C090,4004.61,2025-10-24 12:25:04,"Kraków, PL",0,1,1,0,0,1,0.0,HIGH_AMOUNT
702,C090,3772.31,2025-10-29 11:26:19,"New York, US",0,0,1,1,0,1,0.0,"GEO, , HIGH_AMOUNT"
5931,C091,1213.41,2025-10-01 13:27:20,"London, UK",0,0,1,1,0,0,0.0,GEO
8597,C091,2409.07,2025-10-08 04:36:55,"New York, US",0,0,1,1,0,0,0.0,GEO
3433,C091,1730.49,2025-10-13 15:35:41,"London, UK",0,0,1,1,0,0,0.0,GEO
2946,C091,5598.49,2025-10-15 08:47:28,"Kraków, PL",0,0,1,0,0,1,0.0,HIGH_AMOUNT
8773,C091,42584.43,2025-10-19 07:39:23,"Kraków, PL",0,0,1,0,0,1,0.0,HIGH_AMOUNT
5892,C091,5127.41,2025-10-19 16:26:56,"London, UK",0,0,1,0,0,1,0.0,HIGH_AMOUNT
5119,C091,9731.99,2025-10-21 20:49:25,"Warszawa, PL",0,1,1,0,0,1,0.0,HIGH_AMOUNT
1509,C091,1330.29,2025-10-22 06:48:51,"London, UK",0,0,1,1,0,0,0.0,GEO
7389,C092,2866.66,2025-10-02 04:21:19,"New York, US",0,0,1,1,0,1,0.0,"GEO, , HIGH_AMOUNT"
4744,C092,2852.99,2025-10-03 13:35:49,"Warszawa, PL",0,0,1,0,0,1,0.0,HIGH_AMOUNT
7427,C092,3149.99,2025-10-04 10:48:38,"London, UK",0,0,1,0,0,1,0.0,HIGH_AMOUNT
7013,C092,2741.92,2025-10-05 08:00:37,"Warszawa, PL",0,0,1,0,0,1,0.0,HIGH_AMOUNT
6579,C092,2392.65,2025-10-05 12:10:25,"New York, US",0,0,1,1,0,0,0.0,GEO
8976,C092,9476.67,2025-10-06 02:26:48,"New York, US",0,0,1,0,0,1,0.0,HIGH_AMOUNT
7854,C092,1796.54,2025-10-07 10:06:07,"New York, US",0,0,1,1,0,0,0.0,GEO
7122,C092,3996.11,2025-10-08 20:34:13,"Warszawa, PL",0,0,1,0,0,1,0.0,HIGH_AMOUNT
3417,C092,8263.78,2025-10-09 20:54:08,"New York, US",0,0,1,0,0,1,0.0,HIGH_AMOUNT
1453,C092,5550.56,2025-10-18 17:32:48,"London, UK",0,0,1,0,0,1,0.0,HIGH_AMOUNT
280,C092,2321.86,2025-10-25 16:35:11,"New York, US",0,0,1,1,0,0,1.0,GEO
3148,C093,6957.3,2025-10-06 15:03:05,"Warszawa, PL",0,0,1,0,0,1,0.0,HIGH_AMOUNT
1093,C093,1658.17,2025-10-07 12:32:21,"London, UK",0,0,1,1,0,0,0.0,GEO
3962,C093,1757.8,2025-10-08 09:52:42,"London, UK",0,0,1,1,0,0,0.0,GEO
1987,C093,7259.72,2025-10-11 05:15:03,"Kraków, PL",0,0,1,0,0,1,0.0,HIGH_AMOUNT
7654,C093,7818.31,2025-10-19 01:15:58,"London, UK",0,0,1,0,0,1,0.0,HIGH_AMOUNT
8691,C093,4214.13,2025-10-19 07:47:11,"Kraków, PL",0,0,1,0,0,1,0.0,HIGH_AMOUNT
864,C093,1693.59,2025-10-20 13:06:51,"London, UK",0,0,1,1,0,0,0.0,GEO
6828,C093,5656.42,2025-10-20 19:42:31,"New York, US",0,0,1,0,0,1,0.0,HIGH_AMOUNT
7463,C093,2634.1,2025-10-23 16:00:59,"New York, US",0,0,1,1,0,0,0.0,GEO
7248,C093,4768.84,2025-10-23 20:41:34,"Kraków, PL",0,0,1,0,0,1,0.0,HIGH_AMOUNT
9415,C093,2038.71,2025-10-25 03:06:23,"New York, US",0,0,1,1,0,0,0.0,GEO
1015,C093,4531.16,2025-10-25 03:45:57,"Kraków, PL",0,0,1,0,0,1,0.0,HIGH_AMOUNT
5809,C093,5394.18,2025-10-27 19:20:11,"London, UK",0,0,1,0,0,1,0.0,HIGH_AMOUNT
8165,C094,3972.54,2025-10-02 20:01:57,"London, UK",0,0,1,0,0,1,0.0,HIGH_AMOUNT
5359,C094,2872.65,2025-10-03 09:12:27,"New York, US",0,0,1,1,0,0,0.0,GEO
6269,C094,1825.47,2025-10-13 18:10:30,"New York, US",0,0,1,1,0,0,0.0,GEO
6202,C094,23662.59,2025-10-17 03:43:17,"New York, US",0,0,1,0,0,1,0.0,HIGH_AMOUNT
9099,C094,1048.0,2025-10-17 20:34:47,"New York, US",0,0,1,1,0,0,0.0,GEO
4740,C094,5239.59,2025-10-19 17:58:15,"London, UK",0,0,1,0,0,1,0.0,HIGH_AMOUNT
4077,C094,5511.53,2025-10-20 00:23:16,"New York, US",0,0,1,1,0,1,0.0,"GEO, , HIGH_AMOUNT"
4016,C094,13907.59,2025-10-21 23:13:55,"Kraków, PL",0,0,1,0,0,1,0.0,HIGH_AMOUNT
255,C094,1538.02,2025-10-27 14:26:56,"New York, US",0,0,1,1,0,0,0.0,GEO
8972,C094,1347.67,2025-10-28 08:03:49,"New York, US",0,1,1,1,0,0,0.0,GEO
9341,C094,3260.91,2025-10-30 04:26:07,"London, UK",0,0,1,1,0,0,0.0,GEO
3666,C095,4109.9,2025-10-01 10:10:53,"London, UK",0,0,1,1,0,1,0.0,"GEO, , HIGH_AMOUNT"
1640,C095,3806.56,2025-10-07 02:05:17,"New York, US",0,0,1,1,0,1,0.0,"GEO, , HIGH_AMOUNT"
9134,C095,1013.73,2025-10-08 14:31:12,"London, UK",0,0,1,1,0,0,0.0,GEO
2730,C095,3056.29,2025-10-12 18:05:14,"Warszawa, PL",0,0,1,0,0,1,0.0,HIGH_AMOUNT
1270,C095,2804.05,2025-10-14 06:07:16,"New York, US",0,0,1,0,0,1,0.0,HIGH_AMOUNT
8429,C095,4698.07,2025-10-14 11:28:26,"London, UK",0,0,1,0,0,1,0.0,HIGH_AMOUNT
5184,C095,6480.88,2025-10-15 00:36:14,"Kraków, PL",0,0,1,0,0,1,0.0,HIGH_AMOUNT
7499,C095,1380.73,2025-10-18 21:57:19,"London, UK",0,0,1,1,0,0,0.0,GEO
6713,C095,3742.02,2025-10-21 20:21:06,"Kraków, PL",0,0,1,0,0,1,0.0,HIGH_AMOUNT
2791,C095,7691.2,2025-10-23 20:33:33,"New York, US",0,0,1,0,0,1,0.0,HIGH_AMOUNT
8566,C095,7301.86,2025-10-24 00:34:43,"New York, US",0,0,1,1,0,1,0.0,"GEO, , HIGH_AMOUNT"
2557,C096,4444.5,2025-10-02 11:54:19,"New York, US",0,1,1,0,0,1,0.0,HIGH_AMOUNT
3366,C096,6571.85,2025-10-03 12:43:27,"Warszawa, PL",0,0,1,0,0,1,0.0,HIGH_AMOUNT
7855,C096,2088.49,2025-10-04 17:48:26,"New York, US",0,1,1,1,0,0,0.0,GEO
4957,C096,5353.22,2025-10-10 05:49:22,"New York, US",0,0,1,0,0,1,0.0,HIGH_AMOUNT
3050,C096,17683.3,2025-10-18 17:42:13,"London, UK",0,0,1,0,0,1,0.0,HIGH_AMOUNT
7811,C096,5550.87,2025-10-18 18:15:16,"Warszawa, PL",0,0,1,0,0,1,0.0,HIGH_AMOUNT
759,C096,32460.07,2025-10-20 00:36:49,"New York, US",0,0,1,0,0,1,0.0,HIGH_AMOUNT
9873,C096,3608.03,2025-10-20 10:37:51,"New York, US",0,0,1,1,0,0,0.0,GEO
2600,C096,6392.17,2025-10-28 13:19:08,"London, UK",0,0,1,1,0,1,0.0,"GEO, , HIGH_AMOUNT"
6111,C097,3034.36,2025-10-02 17:24:10,"London, UK",0,0,1,0,0,1,0.0,HIGH_AMOUNT
4775,C097,4147.9,2025-10-04 08:51:26,"New York, US",0,0,1,0,0,1,0.0,HIGH_AMOUNT
2474,C097,3031.12,2025-10-05 03:44:48,"New York, US",0,0,1,1,0,1,0.0,"GEO, , HIGH_AMOUNT"
6655,C097,2121.14,2025-10-08 18:03:26,"New York, US",1,1,1,1,0,0,0.0,GEO
5089,C097,3572.49,2025-10-10 08:30:22,"Kraków, PL",0,0,1,0,0,1,0.0,HIGH_AMOUNT
2357,C097,4571.11,2025-10-10 21:09:55,"New York, US",0,0,1,1,0,1,0.0,"GEO, , HIGH_AMOUNT"
2283,C097,1881.55,2025-10-14 02:48:47,"New York, US",0,0,1,1,0,0,0.0,GEO
6825,C097,4419.93,2025-10-18 10:19:26,"Warszawa, PL",0,1,1,0,0,1,0.0,HIGH_AMOUNT
8346,C097,2138.54,2025-10-18 14:32:28,"London, UK",0,0,1,1,0,0,0.0,GEO
4536,C097,4833.42,2025-10-21 04:42:57,"London, UK",1,0,1,1,0,1,0.0,"GEO, , HIGH_AMOUNT"
2561,C097,1242.96,2025-10-23 16:00:02,"New York, US",0,0,1,1,0,0,0.0,GEO
2453,C097,1729.11,2025-10-26 19:47:36,"London, UK",0,1,1,1,0,0,0.0,GEO
812,C097,1556.87,2025-10-28 22:08:47,"London, UK",0,0,1,1,0,0,0.0,GEO
1739,C098,1965.03,2025-10-05 09:00:21,"London, UK",0,0,1,1,0,0,0.0,GEO
321,C098,2105.25,2025-10-06 22:39:52,"London, UK",0,0,1,1,0,0,1.0,GEO
8436,C098,24937.41,2025-10-09 00:49:47,"Warszawa, PL",0,0,1,0,0,1,0.0,HIGH_AMOUNT
2398,C098,4214.12,2025-10-11 12:00:00,"Warszawa, PL",0,0,1,0,0,1,1.0,HIGH_AMOUNT
1660,C098,6778.79,2025-10-19 19:51:00,"New York, US",0,0,1,1,0,1,0.0,"GEO, , HIGH_AMOUNT"
7261,C098,6708.94,2025-10-20 11:21:52,"Kraków, PL",0,0,1,0,0,1,0.0,HIGH_AMOUNT
5550,C098,3374.36,2025-10-22 07:44:26,"London, UK",0,0,1,1,0,1,0.0,"GEO, , HIGH_AMOUNT"
2887,C098,4811.88,2025-10-22 16:14:54,"New York, US",0,1,1,0,0,1,0.0,HIGH_AMOUNT
9401,C098,3889.66,2025-10-28 12:29:57,"Warszawa, PL",0,0,1,0,0,1,0.0,HIGH_AMOUNT
7918,C099,1332.53,2025-10-10 03:48:25,"New York, US",0,0,1,1,0,0,0.0,GEO
1491,C099,3836.82,2025-10-14 05:36:04,"Kraków, PL",0,0,1,0,0,1,0.0,HIGH_AMOUNT
1556,C099,4459.0,2025-10-16 16:52:48,"Kraków, PL",0,0,1,0,0,1,0.0,HIGH_AMOUNT
2593,C099,4708.22,2025-10-21 14:56:36,"New York, US",0,0,1,1,0,1,0.0,"GEO, , HIGH_AMOUNT"
3326,C099,6403.46,2025-10-23 03:39:53,"Kraków, PL",0,0,1,0,0,1,0.0,HIGH_AMOUNT
4697,C099,5589.15,2025-10-26 07:52:47,"Kraków, PL",0,0,1,0,0,1,0.0,HIGH_AMOUNT
6083,C099,3216.88,2025-10-27 08:38:30,"New York, US",0,0,1,1,0,0,0.0,GEO
3780,C099,3690.43,2025-10-29 00:07:05,"Kraków, PL",0,0,1,0,0,1,0.0,HIGH_AMOUNT
